comments,stars
你以为你已经很爱很爱妈妈了 但妈妈远比你想象中更爱更爱更爱你 ,2
有笑有泪的 不明白陈赫这个人物有什么作用 完全多余,2
贾玲 我给你们讲个笑话 你们别哭 ,2
 我宝 那句出来的时候真的直接泪奔 我以为只有我回到了1981 我以为我可以牺牲我自己改变你往后的命运 我以为你可以更幸福的 我没想到你愿意过的就是摊上我的这一生 ,2
国产 喜剧 催泪 烂片 这是豆瓣一贯的规律 因此我知道自己的评分一定不会公允 这里有掺杂太多我的主观感受 有生以来第一次在电影院哭得泣不成声  昨晚是除夕 我和妈妈大吵了一架 她气得直骂我没良心 白眼狼 我爸也心寒地把我妈牵到楼下 说不指望以后让我给他们养老  凌晨的时候 我给我妈朋友圈的拜年视频点了个赞 并发给她一个拜年红包 和她说 今晚我脾气不好 你别往心里去 我妈收下红包 给我发来好多幸福快乐的祝福  今天看到这电影 许多情节点都让我泪眼婆娑 直到女儿明白真相后 一路奔跑的那一段蒙太奇 我极力掩着眼泪 把哭声压到最小  观影是一个创作者通过作品感染观众的过程 无论它是否合乎艺术规律 只要能让观众感动 它就值得那个观众为它叫好 不必因为它是国产片就舍不得掌声 ,2
能理解贾玲执意拍这部电影 在惹妈妈生气了十几年终于有能力回报妈妈的时候 妈妈离自己而去 这种无能无力的遗憾感实在是太难受了 她不是因为想当导演拍了这部电影 而是因为想拍这部给妈妈的电影才当导演 今年没回家过年 想给我妈打个电话 告诉她等等我 过两天就回去看她了 ,2
跟唐人街探案三的分数相比 很明显观众们评判电影的标准不仅在于你拍的好坏 而更在于你拍的态度是否真诚,2
真诚打动内心 没办法客观评价,2
感谢编剧没有让李焕英以少胜多赢下排球赛 这个剧其实好就好在它的质朴情感上 没有什么输赢胜负 也没有什么人生逆袭改变命运 穿越回来只为了让你开心 不完美的小人物在闪闪发光 ,2
 你好 李焕英  X   关于妈妈用异世界转生工具去参加试炼这档子事  X   Hi mom     神作 绝对的神作 这不比 成神之日 催泪 这不比 半妖的夜叉姬 用心 这不比 唐人街探案3 悬疑  2 17补 3刷了 这将会在中国电影届刻下一座里程碑 这必定影史留名  2 20补 5刷了  我宝  ,2
在电影院哭得稀里哗啦 隔壁座的小姐姐也在哭 她问我 想妈了 我说 嗯 小姐姐 你也春节没回家 我指了指前面 我妈坐第三排 我俩没买着连号的座 这下小姐姐哭得更凶了 ,2
笑后有泪 温暖感动却不过分煽情 它正是这个春节最需要的电影 期待贾玲和沈腾这两位喜剧界扛把子的合作已经很久了 这部终于让愿望达成 两位除了保有鲜明的个人特色外 还催出了不一样的化学效应 尤其是沈腾 这次塑造的角色非常另类 最难得的是 本片还塑造了一个独立而自强的母亲形象 也在提醒我们 她是母亲 但她更是自己 身为儿女一定不要忘记这一点 在她们对我们有求必应的同时 我们更要尊重她们作为一个独立的人的存在 而对于今年过年不能回家的我来说 看完后更加想念母亲了 她也是从片中那个时代的国营单位走出来的 想要回家陪她再看一次 她一定会觉得像回到自己的年轻时代 希望还能赶得上 ,2
意识到妈妈什么都知道的时候 我哭到抽搐 贾玲太有才了 在读你和我时就在想 逝去的父母是靠儿女的记忆继续活着 而如果你可以写作 或者像贾玲一样用一部电影来纪念 那他们就一直活着 他们的精彩也都没有被忘却 这是贾玲给自己的交代 我不停的想 到底我不能接受的是什么 如果她的一生在自己活着时就去全都熠熠闪光 那死去时也不能称之为遗憾 只是命运 ,2
这扑面而来的复古系笑感啊哈哈哈哈哈 感觉是属于母上大人的时代精彩  片子笑点暖点可可爱爱 冷不丁就还让人会鼻头一酸 不得不讲啊 old school还是很触动我的 这亲情治愈系的喜剧是妥妥符合春节档可以约上爸妈一起看电影的了 毕竟给爸妈安利贾玲 沈腾真的毫不费力哈哈哈  然后更重要的是 贾玲镜头下的张小斐 灰常美啊 不单是女儿滤镜 这个女性视角下的女性 让人觉得是这般温暖且充满力量呢,2
最戳我的就是在知道了48岁的李焕英是穿越回去的后 想起那句 我这一辈子过得挺幸福的 怎么就没人相信呢  ,2
我以为是我在为你圆梦 其实还是你陪着我做了一场好梦 ,2
这是今年春节档 我最最想看的一部电影  你好李焕英 的小品 是千禧年之后我心目中最佳小品前三 即便珠玉在前 当得知要影视化的时候 依然期待爆棚 作为贾玲的导演处女座 这部作品是值得肯定的 笑点泪点恰到好处 没有硬搞笑也没有刻意煽情 子欲养而亲不待 她在讲一个珍惜亲情的故事 也在讲当代女性意识的觉醒 不鼓吹生育 不鼓吹婚姻 而是让我们看到 任何一个女性在成为妈妈之前 第一个身份首先应该是她自己 祝天下所有 李焕英 永远快乐 ,2
我们都想为所爱的人做点儿什么 有人写书 有人弹唱歌 有人拍剧 如果这个人不在了  更想好好明证他 她曾在这世界认真用力活过 贾玲选择了留下这一部电影 我喜欢贾玲身上有一种破裂和恸哭之后重新缝补起来的浑然而豁朗的快乐感 这种 笑着活下去 的乐天姿态渗透在电影里 就是你即使知道它的结局是伤感的 依然为过程中那些欢乐的时刻而真的开怀 它温暖 治愈 真挚 哀而不伤 而无论是小品还是电影 都让我在欢笑时眼眶湿湿 贾玲在电影里 终于与她的母亲偿还了一场重逢的梦  这便是世间文艺作品的力量吧 让我们与我们生命里的 李焕英 们都能有一个机会轻轻道念一声 你好啊 我很好 ,2
喜剧的内核是悲剧 这封贾玲写给妈妈的情书 也是中国很多妈妈的写照 有时候真的觉得 她的后半生似乎一无所有 除了我 ,2
贾玲说她把心掏出来给观众看了 我想说 我看到了 ,2
最让人泪崩的是 我知晓未来所发生的一切 依然选择你这件小棉袄来陪我走过一生 ,2
你以为你已经很爱很爱妈妈了 但妈妈远比你想象中更爱更爱更爱你,2
笑的不尴尬 哭的脑壳疼 ,2
为什么表妹撕了你刚拿到的结婚证你都不生气 因为那是你女儿啊 ,2
这个底太好了 比起以往穿越片的个人救赎迈的更深了一步 本以为影片会如同以往的俗套一般会终结在 希望孩子健康快乐 上 没想到结尾以针线为引 将 无论你在哪里我都会找到你并且保护你 的母爱穿进了观众的心里 以个人故事为本 动了真情的贾玲担得起导演的称呼 在喜剧元素上 影片也做的十分自然 不刻意不尴尬 更是在演员的选角上玩出了花 乔杉和贾玲的父女堪比去年黄渤和彭昱畅 ,2
贾玲以年代穿越设定 温情喜剧的形式 为自己离开的母亲打造了一场缅爱的仪式 笑梗包袱 不仅是裹住内在情感的调和剂 也是一种回望心中伤口时的疗愈方式 对创作者与观众之间有着双向互通的意义 时空错位的背后 是已然失去的 不能继续陪伴的遗憾 唯一一部带妈妈看的春节档电影 确实是个应景的选择 她全程情感代入到了跌宕起伏的地步 ,2
实话实说我哭抽抽了  看见张小斐想喊声妈的程度,2
散场以后我挎着妈妈散步回家 我想着她 她应该想着她妈妈吧 ,2
大家来看这一部吧 别看唐3了,2
久违的让我又哭又笑的作品 有许多可爱的笑话 看哭三次 朴实又深情 电影结束在想 如果我可以穿越到妈妈年轻的时候 可能会告诉她一定要很多书 只为自己活 即使一辈子不结婚也要去争取幸福的权利 ,2
节奏感好 是贾玲天生的喜剧天赋 最后十分钟反转直接泪崩 为什么 因为我们每个人 30岁以上 都对妈妈有愧 这种愧疚 我们只能躲在电影院 幽暗的空间放声大哭 走出影院的那一刻 心变得又柔软一点 ,2
不是我拉男女对立啊 当屏幕上出现  贾玲 执导 字样的时候 就比起那些拍了几个直男癌片子就写     导演作品 的 要真诚多了   作品 这个词是自己叫的吗  ,2
以为穿越是为了改变她的人生轨迹 竟然只是了却自己的遗憾 原来从天而降的大胖妞无论有多重 她都会毫不犹豫接住她的宝儿 裤子无论多破 她都会缝成小熊 今生母女一场 只能化作目送 以为她希望我有出息 原来她只需要我平安 以为她想换个女儿 原来她从没后悔 以为多了解她 原来还是误会了她 ,2
好看 这是一部贾玲送给她妈妈的电影 也是一部充满女性意识的电影 你可以带着自己的妈妈去看 绝对能够从其中获得很多感悟 贾玲也是一个非常有才华的演员 整部片子非常搞笑 很多地方都非常戳我的笑点 但也是泪点笑点兼具 有很多让人意想不到的细节 尤其是结尾 神反转 所以不要被剧透 一定要亲自去看 春季档强烈推荐 ,2
贾玲哭的时候很明显没有在演戏 这是最让人伤心的 ,2
 我的女儿 只要她健康快乐就行了  本来以为只是贾晓玲穿越回了1981年 没想到原来2001年的李焕英也穿越回了20年前 这里真的设计得太巧妙了 重来一回 李焕英还是会选择当玲儿的妈妈啊 开头李焕英看见从天而降的玲儿 下意识地就要去接住玲儿 这就是母爱吧 这种感情可能真的只有母女会懂吧  前半部分贾玲沈腾真的好好笑哈哈哈哈哈哈哈  贾玲在影片里用了好几次华仔的歌 不愧是华仔的真爱粉  啊对 通过黑白照片染色这一方式呈现画面也蛮有创意  哭笑交叉的一部电影 ,2
这并不是一个穿越的故事 而是是一个母亲在弥留之际创造出来安慰女儿的梦 真的特别特别特别好 贾玲值得 9 10 ,2
如果你要陪长辈看电影的话 那就看这部吧 基本上就是贾玲版的 夏洛特烦恼  完成度很好 笑点和泪点都到位 感觉会是春节档期大众口碑最坚挺的一部电影 一开始你以为这是一个熟悉的穿越设定 最后一反转 你会发现这不仅仅是一次穿越 而穿越的背后正应了母女情的主题 完了结尾的字幕又补了一刀 原来这是贾玲自己的经历 用这样一部电影去追忆母亲年轻时的样子 穿越回八十年代 从工厂记忆 女排比赛 黑白电视到祖父悖论 都是能引发几代人共鸣的设计 以前都是看贾玲笑 这次是看贾玲哭 很多人却是跟着她笑着哭 ,2
"贾玲第一次当导演就能拍出这水准的片子 可见用心和不用心做事的区别到底在哪里 我觉得做春节烂片的导演们真的该好好反省反省 故事虽然有点像某个电视剧的剧情 但也不全是一样 加上看得出来贾玲确实放了真情实感 后面的回忆杀真的让人泪目 前半段的笑点也很多 划船那段真的笑到打滚 沈腾贾玲真的是喜剧质量的保证 而且演员们的演技还是都不错的 值得去电影院支持 ",2
 我的女儿 只要健康快乐就行了  神不能一直在 所以创造了妈妈,2
让她再选一次 她还是义无反顾的选择了有你的人生,2
感谢贾导 感谢李阿姨 是你的女儿阻止了 唐3 这种烂片成为2021年春节档票房冠军 她永远是您的骄傲 ,2
咋说呢 贾玲太牛了 不玩梗的那种搞笑 一点都不低俗 但是笑点通俗易懂 演员也都特别好 而且有一个点很戳我 就是后面暗示了王琴的发达不是因为靠男人 中国就是应该多有这样的思想纠正啊  催泪的地方也容易产生共情 后半段我一边哭一边骂 这特么咋没完没了了  然后继续哭    好了好了 我爱我妈妈 虽然我们也会吵架 但是我很爱她 一直爱她,2
没有预料到的剧情 大年初一大家一起在电影院哭一场    ᵒ       ᵒ         所以她妈到底有没有想过走另一条路呢贾玲不知道也没人会知道了 ,2
新年第一部觉得最值得五星的片子 很好笑也很好哭 阳光下张小斐穿百褶裙真的漂亮 打排球真的飒  另 沈腾叔叔的表演让我相信雪姨阿姨是靠自己让她女儿去米国念书的  ,2
没想到李焕英后劲这么大 电影讲了一个非常朴素的价值观 妈妈在成为妈妈之前 首先是她自己 即使我们都长大可以照顾自己 但在未成家前 妈妈说少做一顿饭她也会感到愧疚 我说妈妈你可以不用感到愧疚 她说你是孩子 你不懂母亲 近几年很努力地在让我的妈妈有一点自己的想法 我问她你喜欢吃什么 你喜欢看什么 你喜欢穿什么 你休息的时候就好好睡觉 我拼命地告诉她除了是妻子和母亲之外 她首先先是她自己 她这一辈子为别人活太多了 但是我只想她为自己活 希望每一个妈妈都能收获自由 ,2
贾玲好棒 抢结婚证那里 结婚证被撕坏了 小斐眼里含泪的说 我这一生真的很幸福 你为什么就不相信呢 当时看的时候觉得很奇怪 后来全明白了 剧本好棒 拍的也很好 不过李焕英不管票房多少 她应该只想让贾玲健健康康 开开心心吧,2
我未来的女儿 我就让她健康快乐就行了    ,2
 你以为你已经很爱很爱妈妈了 其实妈妈比你想象中更爱更爱你  ,2
作为喜剧电影 贾玲 沈腾的效果 没得说 就是简单直接的 好看  前面所有的积累的笑点 在最后用一个非常精妙的反转把情绪点燃 看过小品的人也剧透不了电影 这个结尾 简直神来一笔 绝  喜剧之上的内核是女性导演视角下的女性角色 贾玲和李焕英之间 不仅是妈妈和女儿之间双向的爱 非常自然的 就是一个女性对另外一个女性的理解和关爱 希望对方高兴 快乐 是 就算我不出生也没关系 我就希望我妈开心我妈不受委屈 的心情  诚意十足的喜剧 真情实感的动人 意料不到的结局 以及还给妈妈青春和名字 ,2
又好笑又好哭 配得上8 3分的高分 里面的女演员都好漂亮啊 李焕英 王琴 艳华 还有麦收的女孩 都有让人眼前一亮的惊艳 不是千篇一律的美 是各有特色 各有力量的好看 女导演和女性凝视让电影无比舒服 ,2
 可是我妈还不会缝啊  自此开始眼泪止不住 ,2
建议以后的导演处女作学习一下 老老实实讲一个发自内心的故事 ,2
以为穿越是为了改变她的人生轨迹 竟然只是了却自己的遗憾 原来从天而降的大胖妞无论有多重 她都会毫不犹豫接住她的宝儿 裤子无论多破 她都会缝成小熊 今生母女一场 只能化作目送 以为她希望我有出息 原来她只需要我平安 以为她想换个女儿 原来她从没后悔 以为多了解她 原来还是误会了她 ,2
 你以为自己已经很爱很爱妈妈了 妈妈却远比想象中更爱更爱你 你以为自己是在为妈妈圆梦 没成想只是她陪你做了一场好梦  ,2
戴口罩看这种电影太反人类了 哭得口罩都湿了 糊在脸上好难受,2
我最忘情的哭声有两次 一次 在我生命的开始 一次 在你生命的告终 第一次 我不会记得 是听你说的 第二次 你不会晓得 我说也没有用 但两次哭声的中间啊 有无穷无尽的笑声 一遍一遍又一遍 回荡了整整三十年 你都晓得 我都记得   余光中 今生今世 ,2
一开始觉得冷特的角色多余 晓玲总要回来的 这样留下一段感情对冷特来说很残忍 后来反转了才明白根本不是穿越 是妈妈为晓玲创造的梦境 在妈妈创造的梦境里 为了抚平晓玲的自卑而创造了冷特的角色 妈妈想告诉女儿 她也值得被爱 ,2
让观众笑的同时还能笑中带泪 这不是靠技巧能做到的 贾玲在 你好 李焕英 里也不是靠技巧去和观众交流的 她是真掏心掏肺 心无杂念 这真的是她的人生 她的遗憾 她的渴望 普通观众在电影院里看到这种故事 根本抵挡不住 笑着笑着情不自禁眼泪就下来了 80 后也到了开始怀旧的年龄了 美好的 80 年代在好几部电影中都带着暖色滤镜出现了  不是那个年代真的有多好 那只是一代人再也回不去的理想国 光滑洁净的回忆 必定映衬的是坚硬冰冷的现在 为什么都开始怀旧了 因为意识到自己面对生活已经逐渐无能为力了 虽然可以刷抖音快手的短视频来暂时地麻醉自己 但你放下手机的同时就会忘记刚才自己在笑什么 真正能让一代人同悲共喜还走心的 还得是 电影  ,2
感谢贾玲 我们太需要女性视角的影视作品了 在女性眼里 女人不和性挂钩 不被凝视 所以不需要少女 不需要磨皮 滤镜 让人看的非常舒服 今年春节最佳了,2
7 8 10 强烈推荐 片子拍的真好 真正意义上的笑泪齐飞 超出预期太多 贾玲的情感太真了 看小品的时候就哭的稀里哗啦的 没想到看电影哭的更厉害 看的时候想起了我的母亲 共情力太强 最后一幕眼泪根本止不住 现在想起来心里还酸酸的 故事改编自贾玲亲身经历 当你带着诚恳的真挚的感情去拍片 观众一定会找到共情 相比那些带着虚假情感强行煽情的作品 贾玲的真情实感最打动人 ,2
本以为是女儿为母亲造的一场梦 却原来是母亲为女儿造的一场梦 我个人比较难get到贾玲的笑点 但是后半段一直哭到最后一张照片和字幕 妈妈也曾经是少女啊 ,2
在夏洛特烦恼的穿越梗用得已经烂大街的时候 贾玲用亲情再次焕发了生机,2
挺细腻的一部剧吧  以为是帮妈妈圆梦 其实是妈妈陪女儿回去帮她圆梦  我这一辈子过得挺幸福 你咋就是不信呢 ,2
从妈妈张开手喊着 我宝 去接人那瞬间开始 哭到停不下来 你以为自己已经很爱很爱妈妈了 想尽办法让她开心 其实她更爱更爱你 她包容你 守护你 甚至下辈子也舍不得让你当妈妈 笑点有 泪点足 反转到位 其实剧情的反转就是感情的反转 因此带来的触动是极大的 除了陈赫这个角色以及这条感情线略鸡肋 其他我觉得都很好 真诚永远是最打动人的 这部电影真的很用心 很真诚  8 2 ,2
看哪 贾晓玲考上了艺校 打铁娘子队赢得了新的搪瓷杯 王琴靠自己的努力过上了更好的日子 而李焕英 她得到了一次重返青春的机会 真好 这些女孩都有光明的未来 而这也就是中国电影需要更多女性视角的原因  理性角度来看 这部电影自带的一些争议以及很多稚嫩的处理手法 确实不应该拿到五星 但是揉揉自己哭肿了的眼睛 我确实没办法公正的打分 一颗心都捧出来给观众看了 这不叫技巧性煽情 而叫真诚  每位演员的表现都让这个剧本变得更加熠熠生辉 包括热评里觉得多余的一些角色的演员  而这部电影也证明了 不用一些带有性别倾向的梗 无贬低之意  也能让人发自内心地笑出来 最后表白结尾的文字 每个母亲 都曾经是少女 而在母亲这个身份之前 请不要忘记她是一个独立的人 ,2
你穿越回去想尽办法让妈妈开心 实际上是妈妈把你拉进梦里安慰你 让你知道 不要自责 有你她很开心,2
那句 我宝 真是让我眼泪都要下来了,2
是我泪点太低了吗 一直哭一直哭 最后那一段哭疯了 唉我的眼泪真不值钱      本片重点不在于子欲养而亲不待 而是即使重来 依然是你 ,2
电影的所有呈现 打四分其实就可以了 但是多出来一星要给到女导演视角下的女性主题 完全没有让人有任何不适 拉踩隔壁某探3  没有刻意制造的笑点更没有刻意制造的哭点 一切都是很自然的发生了然后触动观众 这很难得 好喜欢贾玲 有谁会不喜欢贾玲呢 ,2
看完之后感觉可能是春节档最好看的吧   有泪有笑 这不是一个人的感觉 是整个影厅的反馈,2
女性导演还是会更细腻一些 结局并没有刻意要所谓的 圆满  贾玲第一次导戏非常成功啊 ,2
什么电影手法 在真挚感人面前不重要,2
这是这几年看到的国产影片中 从头到尾让人感觉最舒服的 这应该和导演及编剧是以贾玲为中心的女性团体有关系 在脱离了男性凝视 在不用女性当工具人的电影中 女演员的魅力被无限放大 不知道男观众如何想 但是作为女观众完全感受到了 那种仿佛闪着光的被超放大的魅力 把李焕英不只是作为母亲 更多作为一个飒利的女性的角色呈现在观众面前 ,2
李焕英阿姨 您女儿可太棒了 她真的好爱您 也真的很遗憾妹让您坐上敞篷车 看着她现在事业有成 我也好爱我的妈妈 希望您保佑所有妈妈都健康平安 长命百岁,2
贾玲和他爸的乔杉真像啊 ,2
如果没有最后二十分钟 这部电影也就是一般只能打五分的程度 贾晓玲吃着包子忽然意识到什么开始哭 然后前几十分钟铺垫的情感一泻千里 哭得我撕心裂肺 结构能让内容翻倍地表现出来 另外 女性视角的女性真的太美好了 不只是张小斐 中年妈妈和阿姨也很可爱,2
有时候不需要太深的立意 故事流畅 人物真诚就很足够了,2
太意外了 意外的好看 影片喜剧成分的编织就不多说了 这本来就是贾玲的强项专长 不过在剧情的伏笔和安排上 却让人看到了真诚的真情 真挚的真实  影片取材的灵感来自于贾玲和母亲李焕英的真实故事 贾玲正是为了怀念因为去世的母亲 才有了做这电影的冲动 结尾的处理真的让人破防 这是一部不能剧透的电影 推荐去影院感受那种笑中带泪的氛围 相信能唤起大家的家庭共鸣 尤其是带着父母去看 效果倍佳  贾玲作为一位新人导演 这次成绩单交得真的棒 ,2
你好李焕英或是春节档最佳,2
贾晓玲从天上掉下来李焕英 我的宝啊 小小瘦瘦的冲过去一下子戳到我了,2
得知两个人一起穿越 很催泪 想要用手接住从天而降的女儿那个画面也是泪点,2
诚然这部电影有很多不足之处 但它是唯一一部后劲大到让我看完还哭了俩小时的片 我中途还纳闷过为什么李焕英脾气那么好 晓玲把她的结婚证撕了她都不生气 后来揭晓原因时我已经泣不成声 对于电影 技巧只能加分 真情才最动人 ,2
贾玲现在不仅健康快乐 还出息了 焕英阿姨你看到了吗,2
其实影片前面部分很一般 最多3星 但确实最后情真意切 加一星,2
完虐隔壁姓唐的好么 ,2
多一星给最后的反转,2
没想到这么好笑 非常北方的本子放到极其南方的环境里 也是全场嘎嘎乐 旁边大哥捂嘴拍腿地笑 都听出了颤音 我要是贾玲 肯定特有成就感 15分钟扩成长片 注的都是实实在在的梗 很多时候节奏故意错拍 一个个却又回马枪似的戳人笑点 贾玲真是个可人儿 带着一群喜剧人 老戏骨 还有张小斐这对我而言的小黑马 整个故事都活泛起来 笑够了 又没有那种尴尬的廉价的煽情堵着 只觉人生一场 能有这么通达的母亲 不求增光添彩但愿健康快乐 怎么都会心头一软 其实一开始很感叹 曾经阳光灿烂的青春少女 怎样被生活磨成孩子眼中疲惫不堪的中年妇女 但慢慢更会觉得 不只是人被磨损 还有两代人本难靠近的距离 把许多视角都给折射出异样角度 趁时光还能好 希望大家彼此都能享有这许多喜悦 好了 我要跟家人吃午饭了 ,2
大过年的 一家人看一部有笑声 有泪点的电影 出了电影院还能一起开心地聊聊 还有比这更适合过年的吗 ,2
玲啊 真好 真好啊   妈妈飞扑过去接住女儿时喊出地那句  我宝  直接让我在电影院把眼泪流进了衬衣  真诚的编导才能换取观众的真心 打动观众的故事才能称得上好故事 中国喜剧能拥有这样一群创作者实在是非常幸运 ,2
要说贾玲才华横溢那肯定是没有的 这部电影也确实像一个大型小品 但是以近年的喜剧片横向比较 至少这部基本没有那些低俗笑话 虽然离高级幽默还有距离 但足以为同行表率 在悲剧内核里嵌入喜剧是本片成功的重要前提 而这悲剧不仅在于对主角的同情而更多是共情 就再给影片增加了后劲 结尾显得长而直白的煽情是减分项 我想说导演不要太低估观众 最好的表达方式不一定要说出来 让悲剧在喜剧性之下涌动可能更好 ,2
女导演太棒了 喜剧并不是一定要黄段子  前面合家欢喜剧尬点很少 后面猝不及防的高潮呜呜呜呜呜呜 世上只有妈妈好 ,2
 你好 李焕英 是一部好电影 好就好在不可复制 它的戏剧结构和那些穿越作品都是不一样的 穿越作品或者是与过去的自己和解  夏洛特烦恼   或者是与过去的父母和解  乘风破浪    你好 李焕英 的特殊之处在于 女主穿越过去时就带着要帮年轻的李焕英完成心愿 让年轻的李焕英更开心的目的 换句话说 它在带着观众用主角视角完成着他人的故事 戏剧压力事实上来自主角在试图解决他人的困境 甚至做出了主角巨大的自我牺牲 李焕英是导演兼主演的贾玲现实中的母亲 情绪和信念是不需要表演就能达成的 换了一个导演和演员来做 一定会有大量的戏剧调整 但它也许反而不能真正打动人 因为情绪不够真 所以 你好 李焕英 是一部好电影 当一个导演敢于把最真实的情绪掏出来时 电影就不可复制了 它好就好在不可复制 ,2
真情动人,2
前面笑到人仰马翻 结尾哭到无法呼吸 贾玲对妈妈的爱在电影里淋漓尽致的展现 忽然觉得拍好一部电影或许真的不是那么难的事情 你看贾玲就做得挺好,2
很温暖 导演能力一般 但感情无比真挚 我几乎觉得这并不是在演戏 而是完全打开式的在分享自己 看到贾玲在电影里失控般哭泣 我无法不流泪 热泪盈眶 ,2
女性主义的电影 描绘的每一个女性角色都很可爱 我喜欢王琴阿姨 看到电影最后她是靠自己的努力工作抓住机遇才得到后面富裕的生活 就很庆幸贾玲没有让这个角色流于俗套 整部电影最巧妙的地方就是在于最后一部分  双穿越 确实催人泪下 但是父母真的对孩子没有要求吗 我想并非天下父母都是如此 但是真挚的感情可以打动人 ,2
前面100分钟笑点密集 笑得人仰马翻 后面从贾玲奔跑那里没忍住看哭了 全片没有拉垮的演员 满分好评 ,2
当你以为自己和电影中的贾玲一样拥有一个全知视角时 可能正是你要被这部电影深深催泪的时刻 电影最后 当另一个我压根就没有预料到的视角被打开的那个瞬间 我的眼泪就止不住了 真的太感人了 ,2
3 5 之前从来没觉得乔杉和贾玲长得这么像 ,2
有一个影评人说过 其实好作品没有什么标准 只要她打动了你 就是好作品 张小斐那句 我宝 出来我都哭抽抽了 无论在哪里 妈妈的本能就是保护孩子 BTW我真的无法正视沈腾了 他不说话站在那我就很想笑,2
好真诚 诚恳得不像一部电影 像是一首散文诗 ,2
 打我有记忆起妈妈就是个中年妇女的模样 所以我总忘记妈妈曾经也是个花季少女   ,2
好好笑啊  而且没有令人不适的颜色笑话 女性视角就很棒   虽然有点煽情但是不妨碍好笑,2
故事说不上新颖 可是母亲这个点总是能打动人 希望每个做母亲的女生记得对自己好点 不要牺牲不要伟大 让自己开心快乐很重要 ,2
诚意之作 希望往后能多一些这样的电影 少一些圈钱工业垃圾 没错 说的就是陈思诚 ,2
让这部电影挂在中国影视的前列 告诉所有电影人 电影是抒发自己情感引起全国共鸣的好办法 质朴的手法 真挚的感情就能获得观众的理解 ,2
最美好的一幕是贾玲在山坡下 看着她爸骑车奔向她妈 我就想着 我也愿意去我妈的年轻世界里走一走 ,2
上映前评价不好 我就觉得就当爆米花搞笑剧图一乐吧 看到一半觉得这绝对算搞笑剧里的一流作品 看到最后 我错了我全错了 这一流喜剧啊 好笑但又戳泪点 而且这泪点真的不是一哭即完 还有片尾那些话让我回顾起剧情更难受了 说贾玲靠妈赚钱的能消停会儿不 ,2
想让隔壁唐探3编剧瞧瞧   什 么 T M D 叫 反 转,2
没有想到这么好 一开始笑死 后来又哭死 结尾尤为动人 ,2
生女儿的妈看不了的电影 眼泪哗哗的 但是还是推荐阖家观看 贾玲说了这片 我把心都掏给你们看了    任何时候真心都是最打动人的 ,2
贺岁档基本都看过了 怎么说呢 这部片子的口碑真得感谢同行 不差 但也没有特别好  从另一个方面来说 真正用心用感情去拍一部电影 真的是可以弥补专业水平的不足 甚至可以打动观众的 相比之下 唐人街探案3 就输在这里 陈导很傲慢 砸钱就完了 贾导很真诚 只想记录一段平凡的母爱和想念 人民群众真正喜闻乐见的是什么 答案已经有了 电影不过是影人和观众的交流 真诚的情感可能不会被所有人接受 但空洞的生意不会被任何人共情  我也曾想过 如果母亲不用为我牺牲 会不会成为更伟大的人 或许会吧 但她就不会成为一个伟大的母亲了 我又何必帮她做出选择 我能选择的只有如何回报她,2
其实如果从电影的角度来说 五星是肯定不到的 四星顶多吧 但从整部电影的情感来说的话 真的太真挚了 我相信贾玲一定是把那个充满了遗憾的自己刀剐了千百遍 抚慰了千万遍 把见母亲最后一面的一幕想象了无数遍 才能产出如此真诚的一部电影  当然 导演水平挺普通的 艺术性也基本没有 但真的就胜在了真诚 嗯   确实很好哭 也挺好笑的 但有些笑点还是比较冗杂 ,2
 我宝 那一句真的泪奔了 五星好评 前面笑点不尬 后面反转真的流泪了 ,2
 可是我妈现在还不会 这句话出现后的转折是我怎么也没想到的 一贯的思路都以为只有晓玲自己穿越回去希望能让年轻的妈妈更加高兴 谁可知母女两人一起穿越回去了 这是这部电影最大的转折 也是全片泪点开始 让老套的穿越剧更加新颖 挺中规中矩的一部片却也很特别 母爱一个讲到烂的题材 可是这部电影还是刷新了大家的印象 妈妈怎么会不爱自己的孩子呢 ,2
这应该是贾玲作为一个女儿最极致的浪漫了 千千万万走到电影院的人 去了解李焕英 纪念李焕英的同时 想起总是被我们忽略的母亲 ,2
张小斐喊出哪句 我宝 的时候,2
哭瞎了 啊 女孩子真好啊 又甜又暖,2
不太是电影的视听语言 像是抻长了的好几个小品 但沈腾贡献了很好笑的表演 以及妈妈对女儿的爱永远比女儿对妈妈的爱更多这个题眼还是很动人的 是强烈的抱憾的女儿视角 在穿越回去的那场母女对谈中 双方都心知肚明 但都打着哑谜 女儿希望母亲幸福 即便这样的幸福图景中没有自己 母亲希望女儿健康 即便时光倒流也从未对当时的选择感到后悔 从未想过没有这个女儿的人生何以可能 希望这样题材的电影越来越多 母女之间的共情和联结 是一个眼神 些许沉默 无数眼泪和一声叹息 ,2
这是一个感人的故事 但不是电影 非常真诚的故事 但不是电影 ,2
因为在隔壁唐探3的对比之下 我必须给李焕英一百零一分  当然这个电影很多笑点是有点像小品 但是这不比隔壁屎尿屁好看多了 我就踩一捧一了 我就要高举李焕英大旗 赶紧给我冲冲冲 票房超过隔壁吧 要不然我会气死   妈 你怎么那么爱笑啊    因为妈生了你啊    你以为你很爱妈妈了 但其实妈妈比你想象地更爱你    另外建议陈思诚来学习一下什么是母爱 学习一下人家最后半小时是怎么升华怎么反转的  ,2
抱着沈腾必看的心态买的票 看完要夸奖第一次做导演的贾玲 贾玲第一次当导演还真的给出了新东西 完全超出预期 前一半小时好笑 后半小时好哭 而这最后半小时真的就是谁看谁破防 一开始确实挺意外 但回头想想 贾玲还是铺垫了很多细节的 从这点上看 贾玲就不单单只是翻拍一个小品这么简单 在剧本上还是下足了功夫的 贾玲最后几场的表演能看出她完全掩盖不住的真情实感 春节档带爸妈去看 绝对好看 ,2
最感动的 不是我对你做的事 而是我对你做的事 你都明了 ,2
如果结局不反转 这电影真的就是小品的延长版 撑死三星 但是它反转了 反转得还不错 哭死我了 四星好评 ,2
在某部自以为是地讨好观众贺岁片的对比下 显得情感尤为真挚,2
年度最佳电影 我并不想为了体现自己严格 有水平 就强行扣一星打四星 这电影不打五星 对不起我自己的良心,2
其实故事本身略俗套 但胜在有真情实感,2
口罩都给我哭湿了 ,2
打我有记忆起 妈妈就是个中年妇女的样子 所以我总忘记 妈妈曾经也是个花季少女 ,2
新年里 全中国那么多人陪贾玲缅怀她妈妈 她妈妈在天上应该能很开心了 也愿天下父母都能健康长寿 ,2
 你好 李焕英 其实我是做好心理准备了的 我知道它要讲一个什么故事 我一直警惕着 抵抗着 可是到母亲义无反顾还是选择了跟父亲在一起 选择生下 健康快乐就好 的女儿时 我眼泪就控制不住 到后半程我的情绪跟贾玲的演技一样 是全线崩溃的  庆幸一个人看的 戴着口罩 谁也看不到我狼狈的样子  在影院的一个多小时 想了很多很多 大约妈妈也是看不到我现在的一切吧  她变成了少女 ,2
其实一开头假证暴露妈妈却一点都没有责怪晓玲 妈妈的自行车载着晓玲这里我就哭死了 对这种无条件的爱和信任泪点很低 ,2
知道妈妈也穿越回去的时候 脑子里只是反复闪过她攥着被撕成两片的结婚证说 你怎么就不相信我觉得我这辈子就是很幸福呢  原来这句话不是23岁的英子说给19岁的晓玲听的 是43岁的英子说给自己女儿听的 我妈也是这样 一直把健康快乐放在嘴边 我多幸运啊 我是我妈妈的女儿 ,2
被贾玲的真诚打动了 如此真挚的情感令人觉得温暖舒心 非常适合带全家老小一起观看 每个年龄段都能找到属于自己的感动 尤其是既做了妈妈 也同为女儿的人会更有感触吧 第一次做导演的贾玲用最简单真诚的态度为我们带来这部电影 也是想告诉每个观众 珍惜亲人还在身边的日子 不要让她所经历过的 洗欲养而亲不待 这种悲伤发生在我们的身上 ,2
从前有个女儿 为了让妈妈长脸 宁可让别人家的孩子代替自己的位置 结果呢 妈妈从一开始就知道她的小心思了 默默地陪她玩这个游戏 因为 妈妈只想要女儿健康快乐 ,2
将亲身经历拍成电影易出现的问题 过于专注自我角度 自我感情的泛滥  我以为女儿见到年轻的母亲 会帮助她实现年轻时的梦想 弥补过往的缺憾 但只是帮她买电视 帮她过上好生活 恋爱嫁人 与其说这是弥补母亲的遗憾 不如说是贾玲自己的遗憾  母亲回到年轻的时候 却只关心女儿 她不怀念自己的青春吗 她的暗恋失恋 梦想 朋友 迷茫 她自己的母亲  这究竟是一个只有儿女失去自我的母亲 还是贾玲对母亲的不了解   不了解母亲的过去 没有想和年轻的母亲聊天 以了解她 贾玲的眼里的母亲眼里只有她   一个女儿臆想出来的眼里只有女儿的母亲 一个认为自己令母亲失望的女儿的自我救赎 这只是女儿难以释怀的梦   恋爱情节出现的太早 情节太多 况且沈光林只是个无关的人 只是表达女儿愿为母亲牺牲 这是女儿对母亲单恋的情书  ,2
比预想中好太多 架构铺排疏密有致 节奏把握也特别棒 结尾戛然而止好评 既没有脱离现实 迁就春节档给happy ending 也没因悲剧结尾 而脱离全片氛围 看过贾玲几次采访 她都提到母亲的骤然离世对她是过不去的坎儿 这里头有女儿对母亲来不及说出口的爱 也有想为这人生巨大遗憾做些什么 好为这段母女之情画下一个标点以慰母亲与自己 从知道她要拍这部电影开始 我就有上述这种感觉 影片上映 作品不俗 我虽不认识她 但由衷为她高兴 无论从故事本身还是商业角度来说 影片的表现都非常优秀 悲剧内核 喜剧做皮很容易生硬做作滥情 但贾玲和团队非常完美避开了大部分此类国产类型片很难逃过的大坑 也很正常 这就应该是现在国内顶尖喜剧团队之一应有的水平 搞笑太自然 水到渠成 真心希望这样自然流畅的喜剧片多一点再多一点 ,2
笑点密集 女导演和女演员证明了喜剧不低俗也可以很有趣 真情动人 明知命运结局已定还要义无反顾地奔赴 可能这就是妈妈的爱 ,2
春节档第一部 十分惊喜 喜剧桥段拿捏精准到位 不是为了搞笑而搞笑 而是水到渠成 自然而然 整体风格搞笑幽默诙谐有趣 逗乐不停 当然 喜剧只是外表包装 内核依然是个温情走心的母女情深故事 笑点与泪水齐飞 在很多我们不曾留意的角落 都隐藏着母亲无穷尽的呵护和关爱 尤其最后的反转更让人动容 ,2
 我把我的心掏出来给你们看   贾玲 ,2
本来看了一大半都只想打四星来着 但是谁能不被最后半小时的母女打动呢 愿所有妈妈都健康平安 愿越来越多女导演和女演员能够打破现在所谓三四十岁的女性只能演母辈这一行业怪状 她们都值得更好的 ,2
座中泣下谁最多 江州司马青衫湿,2
李焕英看晓玲的每一个眼神都太好哭了,2
多久没在屏幕上看到没有大浓妆的脸了,2
哭得稀里哗啦 男朋友在一边无动于衷 好吧 这是拍给女儿和妈妈看的电影 ,2
我来你高兴么 我高兴啊 ,2
什么是打动人的好故事 贾玲做了一个很好的示范 故事本身永远大于技巧 ,2
 请回答1988 里的一段话 听说神不能无处不在 所以创造了妈妈 妈妈这个词 只是叫一叫 也触动心弦 ,2
故事其实只能算是合格  姑且算个电影 的程度 当然春节档还有不算电影的  但是视角太难得了 社会发展到现在 我们是应该有一部以母亲或者说以女性为主的现象级电影了 何况 它还那么真诚 结尾确实好哭 很狡猾了 这么写没什么人能不哭吧 就像对大部分人来说 你妈确实是真的爱你 ,2
最后的那段反转是真的戳人 原来李焕英一直都知道 妈妈一直都知道  其实电影很能让人带入 我也知道母亲都是伟大的 但是生活中还是难免有冲突和矛盾 这部电影对母女之间温情的A面描写得很好了 有笑点有泪点 笑点的梗都很能让我真心地发笑 泪点也不是生硬的 贾玲一直都在真情实感 看得人好想上去给她个拥抱  母亲很伟大 她很爱我我也很爱她 但是我也希望我们之间多点理解 把问题都解决了 而不是一边争吵一边自我感动 这样太割裂了 问题也解决不了 温情下的问题冲突总得要有人提出 有人解决 ,2
贾玲是有天赋的 角色选的也很绝 包括年轻和中年李欢迎 还有爸爸 最令人感动的是表演的那一场戏 从来没有一部电影是两位女性在这么浪漫的镜头里 互相心里只有对方 灿烂笑容和眼中的点点星光 她们只和对方共享 ,2
贾玲牛逼 陈思诚去死,2
笑也笑了 哭也哭了 里面还是有很多共鸣 比如 妈妈瞒着女儿偷偷退了车票 走路回去 应该是我妈会做的事 女儿考上了艺校 母女一起欢喜 想起了当年 我收到美院录取通知书时 在家里四处蹦跳 不过 个人反而觉得后半部那个 反转 反而没啥必要 全片不时回响的儿童歌谣总让我想到 被嫌弃的松子的一生  最感动我的是母女一起吃饭时 贾玲说 你应该嫁给更好的人 你的女儿会被送去读UCLA   而妈妈却说  我的女儿不需要这样 她健康快乐就好   这也是我妈妈经常对我说的话 她总是说 只要你健康 快乐就好 我觉得这是母亲对子女最好的寄语 而不是希望你成为XXX ,2
如果你看过 信条  你就会明白这部电影不应该是4星 而是5星 当你在结尾知道了 配角 的隐情之后 再从头以配角视角去看整部电影 你才能明白他 她每一句台词 每一个抉择 都是在告别啊 ,2
贾玲是动了真感情了 感人毫不费力 蕴含了80后对自己50后父母辈的歉意 感激以及遗憾 还有对80年代的怀念 笑点 泪点转化节奏很好 表演和情节上 也许感情更克制一些会更好 但是谁又能苛求在自己母亲面前克制住感情呢 非常出色的喜剧影片 ,2
最后二十分钟神来之笔 我和贾玲一起边笑边哭 ,2
贾玲哭的我真的心疼 她是真想她妈妈啊 结局不错 整个电影上了个档次 立意就不同了,2
大家有多喜欢贾玲 就有多喜欢这电影  今天大年初一带我妈一起看的 不出所料很多人笑着笑着就哭了 我是看到最后一秒的敞篷儿车泪崩的 我妈说这片子老少皆宜呀 勾起了她很多年轻时的回忆 谢谢贾玲 让我妈好开心 ,2
每一帧都写满了真诚 绝大部分笑料停留在春晚级别 基础的预期违背以及偶尔的body shame和屎尿屁 最高级的算是二人转舞台的沉默 沾了点时代性差异和人文气息 我最喜欢的包袱是王小利宋晓峰的内部梗 整体观感如友邻言 看情感力量的冲击是否大到让你主动忽略诸多作为一部电影的不合理 恐怕是我到了一事无成 对家庭愧疚的年纪了 太容易对这种反馈亲情的作品共情 那句 我的记忆里我妈妈就是中年妇女的样子 一出来直接给我整破防了 btw 贾玲的导演之路就止于此是最好的选择 毕竟这种老天爷给的题材不会有第二个了,2
"金靖那句话是对的  没有一个人能完整地从电影院里走出来    我已经很多年没有看哭了 我特喵刚在电影院里差点哭出驴叫   特别是那句  我宝  直接泪崩当场  安利 疯狂安利后劲有点大 特别是对于过年没有回家 然后跟老妈关系很好的小伙伴们 真的是太好哭了   ",2
了解了贾玲的过去效果更佳 泪点在于妈妈其实明知道这一切但是依然不改初心 依然以甘之如饴的态度迎向命运 从始至终都在陪伴和配合女儿 希望以后能有更多优秀女导演的作品 也希望男导演能明白搞笑并不总是和油腻与恶俗梗有关 ,2
在赢得大众上 质朴的情感永远是第一位的 创作者尊重自己才能赢得观众 赢的多少就看你与多少人契合 从电影层面 于己不满足价值观上的单一和情绪的过于满溢 但谁受得了母亲拿票又下车 还要夸的一点是演员表演好 张小斐好 大家都从小品出发 但离电影还是挺近的 陈赫沈腾特别适合九十年代复古风 ,2
没有刻意的笑点 没有刻意的煽情 淳朴自然 最后的反转锦上添花 我哭的一塌糊涂     好喜欢贾玲张小斐 我宝 ,2
有着穿越喜剧的传统路数 简单直接 前面90分钟的笑料堆叠 没想最后20分钟出乎意料的反转 升华了情感 强化了电影感 贾玲心路的自我投射 却有着天下儿女对亲情的共性诉求 一场爆笑动人的造梦之旅 无奈的是 她只能在电影的虚构时空里 去回报自己的母亲 贾玲用自己的痛告诉观众 每位妈妈都曾是一位少女 她们都拥有姓名 也有缤纷的梦想 然而生下孩子之后 她们的梦想都变成了 希望孩子健康快乐  所以珍惜眼前的时光 不要 子欲养而亲不待  80年代复古厂区风好评 贾晓玲的老爸大彩蛋 沈腾依旧最搞笑 小船那段笑喷了 ,2
本妈宝看不得这样的电影 眼泪流成汪洋大海 与其他观众的眼泪汇成银河,2
看到妈妈的其实早就知道的时候 我真的哭了,2
事实证明 贾玲绝对能把自己的喜剧风格注入电影 但这些都不分析了 单从情感上来说 太像我的童年回忆 比如站在屋外像老妈同事一样直呼她的大名 变声加上叛逆期 每次叫 妈 都故作生硬表现出很厌恶她的样子 心里却好爱我的妈妈 中国式亲情里 太爱一个人绝对会觉得欠她很多 贾玲对母亲的爱 包括她妈妈对她的爱 都是那么中国式的 无私  平时虽然喜欢剖析这里面的扭曲 但我终究从这里面长大 能懂得这种爱意味着什么 直到现在 我妈手机里仍存着我所有手机号码 大学时的号码备注是 宝  毕业之后是 阿宝  现在是 阿宝宝  对她来说是一种下意识称呼 但贾玲把这些细节抓得让我说不出话来 这部其实很像一个意外 我几乎沉浸在贾玲失去至亲的痛苦里 而不是感动 就像片中说着希望女儿要健康幸福 但我们都会哭着说 我不行的  ,2
"是我近几年看到过的最好的喜剧电影之一 看到导演是贾玲的时候震撼了一下 前面的笑点很密集 有很多谐音梗 后面更是直击我内心 没有近年喜剧电影结尾必备的尴尬强行煽情 但是后半段的时候真的很好哭 眼泪完全停不下来 后面的反转很自然 一点都不僵硬 从姐妹情一下子就升华了 有空一定会二刷的   天要下雨娘要嫁人 这句话挺讨厌的 但是在这里面配上那个BGM真的很催人泪下  ",2
喜欢最后的反转  李焕英看着从天而落的贾玲奔跑过去  宝儿 这是一场他们共同缔造的梦  贾玲想要改变李焕英的命运 李焕英是在温柔地和贾玲告别,2
电影结束之后 我妈从我手心里扣走被我哭湿的纸巾扔进垃圾桶 那一刻我真的特别特别幸福 ,2
不敢相信这是贾玲拍的 前半段令人昏昏欲睡 但在小玲发现李焕英给自己缝动物时剧情开始推向高潮 在这个节点推翻了观众对之前剧情的所有预设 并不是女儿回到过去成就妈妈 而是妈妈为女儿书写最后一封家书 整部电影也是贾玲对母亲的纪念 ,2
陪贾玲做一场梦 其他已经不重要了 ,2
太好看了    最后不刻意描写死亡 就在旁边静静显示心电图的机器 中间努力摆脱黑色世界就像是和时间赛跑 呜呜呜呜呜呜呜太感动了,2
贾玲用实际行动证明 把心掏出来的真诚是有回报的 笑点不尬接地气 后半段哭的崩溃 ,2
不完美 但无比真诚 四星半 ,2
没有什么落入俗套不落入俗套的说法 观众买账就好 连近年来越来越不爱哭越来越铁石心肠的我都泪眼婆娑地和我妈一起看完了并惊呼真好 每陪妈妈看一次电影都感慨又少了一次 我觉得李焕英阿姨不幸却又幸福 养育了如此出色的一个女儿 在2021年年初让全中国人知道了李焕英 知道了李焕英和她的女儿 我相信李焕英阿姨一定在天上看得到 贾玲也相信她的妈妈在天上看得到 ,2
电影有时候很神奇 真诚比技巧重要 观众往往能因为真诚而选择性忽略导演匮乏的技巧 剧作上的漏洞 甚至人物上的仓促和单薄 ,2
张小斐真的太适合大荧幕了 作为贾玲的处女作 这部电影完全合格 最后的反转我竟然没猜到 前面三分之二都在笑 后面三分之一整个电影院都是哽咽声 ,2
剧本很聪明 圆得也很巧妙 几乎找不到这个类型以往存在的问题 一是怀旧年代戏不塑料的美术 没有美化修饰那个年代的物质匮乏 这个故事从头到尾和贫富有关 是想要过上好日子的念头驱动 二是人物选择上 女主是遵从自己内心去选择了自己喜欢的 完成了一部女性题材应该有的尊重和关怀 以前的院线片看不到 因为女导演太少了 有这个意识但能把电影拍给全国人看的女导演也太少了 三是这个故事设定 穿越过去弥补遗憾的模式塞进任何一个类型里都好看 它很容易找准情感点 但不是每次类型都匹配对细节 放弃科幻细节是最聪明的一步 四是在煽情之余巧思依然在线 结尾那辆破车紧紧回扣开头的要出人头地 非常好的反成功学反类型 哪怕导演本人现实里早就出人头地但结尾这一笔的价值取向 你可以是个普通人 感受到了来自导演的一种平视视角的尊重 ,2
贾玲妈妈喜欢幽默的人 所以贾玲  ,2
高级 从影视的任何一个角度评价都很高级 镜头运用高级 从黑白润色到色彩渐褪将年代和人物的代入感应用的非常自然 两处伏笔应用很高级 前后反转突如其来的切中每个为儿女的 我 心中担心会来不及的愿望 结尾也很舒服 拉回现实的结局引发思考 演技也很棒很多时候让人感觉贾玲面向的并不是小斐而是她内心的遗憾 年代应用也很贴切 文艺汇演拉出了那时的社会情境有些黑色幽默 节奏很棒 两小时度过的非常充实 很多场景在上一秒泪水打转下一秒欢笑度过  很难不夸的一部电影作品 有着儿女的心愿 更有为母的满足 最后引用一句台词觉得很意义  雨下的大就分不清哪是雨水 哪是泪水 ,2
看哭  妈妈希望你健康快乐就好了  比春晚的立意高太多了 女主不是人见人爱的大美女 还比较胖 但是因为活泼幽默热心而受到大家的喜爱 这样的作品请给我来一打 贾玲棒棒哒 女主妈妈能为她原本的样子而快乐 真的特别感人 曾经我和我妈最大矛盾就是她老想改造我 希望我成为主流社会认可的完美女性形象 比如瘦 甜美 不要太大大咧咧没心没肺 结婚有孩子  看完我觉得贾玲很优秀 完全可以让那种 瘦点就能当女主了 的论调闭嘴 ,2
朴素真诚 李焕英像曾经的春晚 唐探三大概是这两年的春晚 疯狂拉踩  ,2
口罩哭湿了 今年春节档最出人意料的黑马 贾玲的异军突起在商业逻辑之中 但她没有滥用这次表达资源 以女性视角入局之后 终于扭转常年被开心麻花以刻板印象垄断的喜剧电影市场 足以和大鹏一道让所有专业导演自惭形秽 当叙事回避了 回到未来 的穿越铁律 甚至完全背反了它的故事核时  李焕英 就放弃了科幻的规律 拥抱情感的浪潮 当徐峥在 囧妈 里只肯用一点笔墨去理解母亲 贾玲却利用 夏洛特烦恼 的机会来让母亲高兴 当她诚挚地剖开内心最隐秘和柔软的地方 释放出的力量丝毫不输于 妈妈和七天的时间  只不过是两种抵达的路径  克制并非唯一的美德 我们反而要思考 是什么让一个喜剧人在镜头面前近乎宣泄地展览自己的眼泪 电影的悲剧内核是毋庸置疑的 借助结尾的巨大反转 它让自己摆脱了消费陷阱 实现了对母亲的顶礼与奉献 ,2
有三类人特别能被带入感动 妈妈 女儿 失去至亲之人 刚好三者我都占据了 几度哽咽 身为女儿 特别能理解贾玲对 有出息 的执念 就是想让妈妈开心 让她有面儿 身为母亲 特别能理解李焕英 只要孩子健康快乐就好 面对亲人离世 无力 无助 无奈 唯有回忆 必须五星支持 ,2
我愿称之为今年春节档最强,2
打从记事起 妈妈就是个中年妇女的样子 我妈妈也一样 她也有她的青春啊 只是她为了我们不再顾忌她自己 ,2
我哭得稀里哗啦 我妈反而平淡地说  哪个当妈的不是这样  我觉得那么那么伟大的东西在她看来是最平凡的 是她 应该做的  认识到这点我哭得更大声 ,2
如果你会写作或者拍电影 你就能用自己的方式去铭记不想失去的一切 ,2
小斐边喊着 我的宝儿 边双手张开朝着贾玲奔去那一幕哭得我可大声了  女性导演镜头下下的女性都好美啊 ,2
贾玲一战封神,2
一开头我就想哭怎么回事  ,2
如果你看过足够多的电影 那你在新片里总能找出过去经典老片的影子 但只要足够真诚 我还是不会吝惜自己的钞票和掌声 去影院迎接这熟悉又新鲜的感动 ,2
很好笑 笑点完全不尴尬 结尾虐死我了,2
    看过小品版李焕英的朋友都知道 这是一部女儿穿越到80年代和自己妈妈成为朋友的温情故事 改编成电影后 女儿与少女时期妈妈相处的情节更添丰富 细腻和搞笑 片尾新增的小反转 女儿发现不只是自己穿越回来 更是令人泪目 很多质朴的台词尽管早就看过 听到英子说 我的女儿 我只想她健康快乐就好 还是又掉下了眼泪      打我们有记忆起 妈妈就是个中年妇女的样子 希望各位父母子女都能来看看这部片子 想起自己的妈妈曾经也是个花季少女 p s 提醒大家一定要重视片中的小狗元素 贾晓玲的白T恤和英子给玲破洞裤补上的小狗花纹 ,2
 李焕英 和春节档的其他大片一对比 验证了一个道理  会讲故事 一份亲情和孝心就可以卖四十亿 不会讲故事 再多的钱做特效 堆明星 搞大场面都是给人做陪衬的笑柄 ,2
这个问题我很早以前就想过 如果我回到妈妈的年代 我想和我妈成为好朋友 然后阻止她和我爸相遇 这样我觉得我妈应该会过的比现在幸福的多  ,2
老实说没有带期待去看 但没想到看完还蛮惊喜的吧 不谈那些技巧性的问题 至少贾玲的这个故事有真实触动到我 最后也看哭了 可能是想起我自己的妈妈了吧 不过 看的过程中也在时刻告诉自己 要警惕这种所谓的歌颂母爱奉献精神牺牲自己幸福来成就他人的价值观 尤其是影片一开始父亲的形象始终是隐去的 当然了 我愿意相信这只是贾玲写给她逝去母亲的一封告白信 并没有过多其他的诉求 但最终那句 献给所有母亲 让我觉得片子的立意其实可以更高一点 女性可以选择成为母亲 也可以选择只做自己 片中的母女俩都在替对方考虑 我希望现实生活中的女生们都能自由勇敢的选择 不把 为了别人 当作自己的价值 你的人生不需要 成为谁 才算有意义 三星半 ,2
挺好 就是因为怕后面哭太惨 前半段一直保持防御姿态 没怎么敢笑 结果后面还是哭成狗  现在的喜剧对我太不友好了  ,2
没办法理智的给这部片子打分 跟成熟的导演比起来 还是有很多地方有些稚嫩 许多角色的演技也略有瑕疵 但一切都瑕不掩瑜 感情的处理绝对满分 感受到的那份亲情已经溢出到屏幕外面了 感觉贾导是个内心极其浪漫且温柔的人 用一部电影不仅缅怀了自己的母亲 还温暖了每一个善良观众的心 或者说 贾导深情的给自己的母亲创作了一部电影 同时也让每一个观众因此受益 ,2
很喜欢 特别是妈妈刚回去 看见女儿摔下的瞬间 第一反应是扑过去 呼唤 我宝  无论孩子多大 在父母心中还是当初那个小家伙 ,2
从第一秒妈妈出现就开始哭了 足够简单也足够真诚 好羡慕贾玲 有这样纪念母亲的才华和方式,2
前一个半小时我心想就这就这 后半小时在电影院哭成狗 脑洞很绝,2
有点粗糙 但太过真挚 放在精致的春节档里显得凝练质朴 洗尽铅华 看完在电影院哭抽了 没有带纸 只好出来之后用口罩擤鼻涕 感受到贾玲的母亲是一个特别特别美好的女性 希望她此生的遗憾能少一点 散场后把提前回去的高铁票退了 决定在家多呆两天  ,2
小兔子跟大兔子说我爱你从这里到月球那么长 大兔子等小兔子睡着了说 我爱你从这里到月球再折返回来 ,2
感觉是三星 但市场上太缺女导演和女性视角的作品了 鼓励一下,2
电影的前90 我都以为是女儿穿越回去改变妈妈命运的故事 结果最后10 突然发现可能这只是一个母亲弥留之际创造出来安慰女儿的梦,2
看唐山大地震没哭 看个李焕英哭了 我可能没经历过大灾大难 但妈还是有的,2
贾玲心里会有多痛啊 自己导自己演 一遍一遍在自己伤口上撒盐 看得是真心疼 她肯定很思念自己的妈妈 最后十分钟哭得我快被口罩窒息了 我想家了 想我妈我奶奶 我奶奶是世界上最疼爱我的人之一 没事就给我零花钱 塞给我好吃的 出国前还给我包红包 什么都给我留着想着我 怕我饿着自己 怕我亏待自己 她已经85岁了 我这出去一年半的巡演不知道我还能陪她多少年 见多少面 想想眼泪就下来了 如果我失去了奶奶可能我就真的要垮了 祝我妈我奶奶身体健康    ,2
佩服贾玲 用理想站着把钱赚了,2
好看 适合陪家人 看完以后 觉得贾玲好了不起 可以为母亲拍一部电影 纪念过去 也成就未来 ,2
敢问谁看完不想喊张晓斐一声妈妈,2
正如贾玲自己所说 她把心都掏出来了 ,2
导演拍这部电影的那份真诚 就是这电影最大的闪光点,2
"不止这个分数 有笑有泪 确实也有不足的地方 但是我觉得8 5分完全配得上 但这种电影有一部算一部 确实很不错 推荐大家去看看 对国产电影少一点偏见和挑剔",2
看懂的人是幸福的 ,2
前面一直笑 后面眼泪不住地流 知道是真实情况改编后 觉得贾玲在片中的眼泪都是真的 ,2
不止一次想过我妈年轻时候是什么样 看到张小斐想可能我妈也是这样吧 大厂里的飒爽女工 性格跟训我的时候声音一样 都是脆生生的,2
结尾真的很难不让人流泪呀 尤其是现在上了年纪以后 这两年又经历了太多变故 也就更加容易多愁善感了 看到贾玲哭成泪人 再看到用蒙太奇展现的母亲对于女儿那份深沉浓烈的爱 实在是没料到会有这样一个反转 虽然前半部分显得有些过于冗长 且部分笑料也比较俗套过时 电影展现的技法也不够娴熟 但是这份对于母亲的真诚确实太戳心窝子了 有点遗憾 今年第一次在异地过年 没法带妈妈一起看这部电影 贾玲说自她有记忆起 母亲就是中年妇女的模样 而我还有幸记得妈妈年轻时的样子 长发 白裙 瘦瘦的 下次回家我要把妈妈年轻时候的照片带在身边 我要永远记住她美丽的样子 ,2
这部电影对观众最大的意义就是反思自身 朋友之间聊天 我们达成一个共识 不带妈妈去看 原因很简单 怕妈妈会想起她的妈妈 大过年的 不想惹哭她们 没有了妈妈的妈妈 需要女儿来疼 而还有妈妈的我们 从这部电影中学会了珍惜 我很爱很爱我的妈妈 尽管我知道我无法像她那般爱我 但我会尽力让她过好日子 ,2
妈妈坚定地再一次选择了女儿 但作为一个女儿的我 真的祈盼从未被选择过 ,2
2021看的第一场电影首映 好棒的作品 身边的小丫头们哭的稀里哗啦的 有的都抽抽了 ,2
这不是一部优秀的 电影  但却是一部足够真诚的 电影  虽然本质上只是小品 你好 李焕英 的扩写 但是第二次重构是情感的升华 尤其是电影最后的反转所带来的情感更加击中人心  英文片名 Hi Mom  中文片名 你好 李焕英  多少青春的少女因为 Mom  放下了 李焕英  ,2
贾玲将私人记忆升华成为大部分观众的共鸣 算得上是很真诚也很投入的电影了 ,2
上映之前我也想大多数人一样对这部作品以及导演贾玲充满了不信任 但贾玲很快就用成片表示自己和岳云鹏 郭德纲 小沈阳他们不一样  一开场是十分狗血的车祸加穿越 并且在玩文字游戏 段子 场景也很单一让我以为是在看舞台剧  但后面逐渐佳境 节奏也逐渐开始变得明了 笑点穿插的非常密集 并且恰到好处 各种反套路的情节也比较惊喜 尤其是结尾部分更是将整个故事的主旨推翻并拔高 有了自己的深度   李焕英 并不是一部简单粗暴的纯喜剧 而是一部悲喜剧 贾玲在悲与喜之间找到了非常好的平衡 用密集的笑点和反套路的情节带动整个片子的节奏和气氛 又在结尾给观众狠狠一刀 主题自然的便流露出来 ,2
 子欲养而亲不待  一个永恒的悲剧话题 贾玲用亲身经历生动诠释亲情的可贵 告诉我们母亲都曾是花样少女 都曾美丽过和绽放过 一系列小细节 比如缝补在破洞上的小动物 让影片变得真实可信 用喜剧的外表包裹悲剧的内核 看得人又笑又哭 ,2
最佳观影搭档是 女儿 妈妈 外婆 这样绝对哭死你们,2
下辈子 我当妈 你当女儿,2
因为被剧透了结尾 我从开始就在寻找线索 从片头哭到片尾 技巧不足 但感情真挚 另外女性叙事真是太舒服了 没有刻板印象 没有颜色笑话 也没有常见的用歧视某一方面的弱势群体来做笑点 每个人都那么鲜活热烈 我真太喜欢了 ,2
 蝴蝶效应 中男主回到过去为了让爱的女孩和母亲生活得更好 尝试了各种方法 最后决定将自己扼死在胎中 不让自己给她们带来痛苦  李焕英 里晓玲为了让母亲能像琴姨一样有优秀的丈夫和女儿 以及优越的生活 撮合英子和厂长儿子 但英子说 其实我真的很幸福 你为什么总是不相信    看完回来看到一个帖子 如果你能回到过去和你妈妈成为闺蜜 你会劝你妈妈远离你爸爸不要嫁给他吗  几乎80 的答案都是 会  我想 对于我而言 我也会 如果能让妈妈嫁给更好的人 我也愿意选择没有出生  全片最泪目的点是英子看见从天而降的晓玲 她本能性地冲过去接她 喊着 我宝  听见这两个字我眼泪啪一下就滚下来了  ,2
 你好 李焕英 看完了 哭是肯定的 剧本也确实不够好 可想说说在故事里看到的一个题目 就是如果我们长大后发现没有变成小时候所期望的人中龙凤 还能不能让母亲高兴了 我想电影最后也给出了答案 时光倒流 李焕英仍然会义无反顾地选择爱情 选择能逗她开心的男人而非厂长的儿子 也不会生出那个考上UCLA导演系月收入八万的女儿   在物质匮乏的80年代 人心是明亮的 大家活在激情岁月里 时代的滤镜充满希望 国家日新月异 家庭日新月异 80年代的母亲能工巧匠 在手头有限的物料里 给孩子最好的生活 连破洞的裤子都能缝补出花样  既然母亲能在匮乏中让孩子快乐 为什么平凡的我们非得等到拥有什么才去回报 让妈快乐是很具体的很眼前的事情 不要让它变成遗憾  妈妈 我爱你 爱你的青春 也爱你的白发 谢谢你给我补裤子 ,2
平心而论 这部片子有的地方像小品 有的地方衔接有问题 有的地方处理得太简单 但是 这些都掩盖不住这部电影的真诚与真心 真是熠熠生辉 灼人眼睛 让人反复落泪 尤其是电影后半部分的那一处反转 反转得非常高级 熨平了前面不顺畅的一切 ,2
真的是大惊喜啊 影片的喜剧部分其实就非常讨巧 像是近几年麻花的笑点与贾玲春晚小品笑点的结合和集中展现 虽然较为零碎和耍嘴皮子 但是因为密度之大所以并没有影响观感 在故事上则非常令人惊喜 我本以为会是那种套路的穿越题材 但当最后展开抒情时才惊叹于影片的野心 故事的编排绝对比近几年国内的主流喜剧要强 但是影片最为难得的是情感的真挚 没有去用廉价的笔触去强行换取观众的眼泪 而且贾玲把自己真真切切的对于母亲的感情融入到影片中去展现 像是纪录更想是抒怀 这一点就让影片的抒情很高级 这应该是一部我个人认为近几年国内最好的主流喜剧片了 ,2
太狗了 电影院哭成一片 太过分了 大过年的 怎么可以这样 ,2
因为足够真诚 所以那些瑕疵变得微不足道 眼泪莫名的多 直到后排一个女生发出很大声的抽泣 才松了一口气 原来我还不是哭的最夸张的 ,2
有时候 真诚就够了 ,2
好笑 好哭 哪家的妈妈又不是这样呢 影院里到处啜泣声 珍惜当下 多去关心自己的妈妈吧 几年前看过 你好 李焕英 原版小品 这次拍成电影 重写剧本 重塑人物 贾玲还身兼主演和导演 沈腾的国民喜剧号召力不在话下 张小斐美丽中的亦庄亦谐也有口碑 片子在人物和故事上面 最大程度保留了小品的精髓 母女成闺蜜 我为母亲做红娘 回到过去取暖这个通俗易懂的故事 完成度挺高 过去不可逆转 未来不可更改 由亲情这个母题穿针引线 在热闹 逗乐之间也有凝视 最后的转折自然贴心 可能会让很多人热泪盈眶 ,2
 但是我妈现在还不会缝这些啊  那一段也太好哭了吧 ,2
一个人去电影院看的 忘带纸巾了 一直在用手抹眼泪 如果没有最后的反转最多也就七八分 但最后从李焕英的视角重看这个故事 我觉得一下子就升华了 值得8 5分 好久没在电影院一直流泪了 无比真挚的电影 张小斐真美 年轻真好 感情真动人 ,2
能把自己的心掏出来给别人看 有时候是一件幸事,2
很久没有看这么这么这么真诚的国产电影了,2
能为自己妈拍这样一部片子算是顶浪漫的了,2
怎么说呢 女儿想报恩 想弥补遗憾 可从始至终 却是妈妈在帮她完成心愿 母亲的爱 有时远超我们的想象 即便在生命的弥留之际 为人母者依然想着对儿女的成全 ,2
贾玲太可爱了 看后半段哭到头疼 一个普通人写给自己母亲的诗歌 纵使有瑕疵也不必苛责 字里行间饱含着最真挚的情感与思念,2
甩唐人3好几条街 ,2
哭死我了呜呜呜,2
这是一部缅怀母亲的电影 它用喜剧的方式讲述了一个平凡却又感人至深的故事 贾玲为此不惜使用了穿越的方式 让观众更加感同身受于李焕英的性格和成长经历 但这也是一次冒险之举 一来因为穿越题材的影视作品屡见不鲜 已有近乎泛滥之势 二来作为一名初出茅庐的导演 贾玲能否独立驾驭一部商业电影也都是未知数 但她却交出了一份令人满意的答卷 她设置了一次出人意料的反转 把先前留下的伏笔全填完了 人物性格也都说通了 让观众顿时有一种拍大腿般的惊喜 这个反转可谓画龙点睛 不但让全片格局更上一层楼 还把李焕英和贾晓玲之间感人至深的母女情做了一次堪比 跳楼机 般的高度拔升 让电影院里猝不及防的观众 就这样哭成了泪人 ,2
我是很少给国产喜剧打高分的 老实讲里面的笑料也有很多不太高级的元素 但就算屎尿屁少了那些油腻男导演的猥琐视角感觉都变得淳朴了 贾玲30多了演高中生确实也没什么说服力 但她说起母亲那种包含爱意的感情可以弥补其他不足 张小斐的表现也很出乎意料 那几个她的好姐妹也都很可爱 贾玲一直是个脚踏实地的姑娘 希望以后在导演的路上能越走越远 就是别再找陈赫这种男演员来膈应人了 最后再推荐一下大家在春节假期带妈妈一起来看 我和我妈看完走出电影院 两个人拿纸巾擦着眼泪鼻涕 还假装没事一样商量去哪儿吃饭 这就是最真实的母女了 ,2
靠 傻逼了 把9 25开场的李焕英看成10 25 唐探结束就换厅 纳闷就错过1分钟 怎么情感情绪就完全不明白了 煽情高潮我还以为是贾玲作为新人导演的实验手段 把尾声挪中段 没想到真是结局啊 估计不会再看一次 那么为了对只看了不到一半的导演处女作保持善意和片面公平 四星吧,2
万万没想到 春节档最大的反转剧情来自一部关于亲情的喜剧 ,2
有情感有技巧 最后那个反转出乎意料 想站起来鼓掌 然而我没有 因为我坐在我妈旁边 已经哭得像个傻逼 ,2
 下辈子还是我做你妈 ,2
再次证明好作品的诞生一定是发自于创作者的真情实感 才能达到广泛的共鸣,2
多一星是给贾玲的 电影是爆米花电影 煽情也是爆米花式的 如果单独拎电影出来看 发现它只有段子式的笑点 对母亲角色的理解 也囿于 母爱无私 的讨论 李焕英变成了一个抽象的母亲 而不是形象丰满的李焕英 但是我不觉得这个电影是毒鸡汤 我理解是贾玲自身的局限 她所处的相声行业缺乏对女性 母爱 之外的叙述 她自身对母亲的印象可能就是停留在她刚大一的时候 贾玲自身的经历丰富了这个故事 我完全相信 她多年来对母亲的情感就是如电影所展示的 愧疚 深情 这些情感促使了电影的诞生 也让电影中对母亲的认识无法再进一步 换成其他人拍这个电影 都可能是煽情媚俗的 但是贾玲让人相信 她的情感是真挚的 不是自我感动的 ,2
结尾反转的时候 发现好的演技 好的剧本 真的可以骗到观众 明明有那么多蛛丝马迹 但是 英子 带着光芒的女性 把观众统统吸引了  我妈妈也很喜欢 她觉得不做作 不为了让人笑而笑 哭而哭 ,2
这是近些年来献给妈妈最好的电影,2
电影一旦入了真情 讨论技法之类的似乎就落了下乘 ,2
果然女性导演的镜头下才最懂得如何刻画好女性角色  我太喜欢沈腾了 腾叔一出场我就想笑哈哈哈 张小斐真的好适合拍电影   电影里的音乐配的也很不错 唯一让我觉得有点尴尬的是后面贾玲一直在哭嚎 持续的时间太长  但还是很值得票价 推荐,2
五星感人 最后反转不生硬 春节档最佳电影 真的没有之一 ,2
3 7星 完成度颇高的导演处女作 1 贾玲打破了内地喜剧演员的导演处女作必扑街的魔咒 2 每个演员都展现了自己的喜剧实力 包括路人缘散尽的陈赫 好笑真诚不油腻 自带观众缘的沈腾浑身是戏 3  打我们有记忆起 妈妈就是中年妇女的样子 这句非常抓人 击中观众心坎 4 笑点密集煽情适中节奏顺畅 最后的反转收割一波眼泪 这是贾玲送给妈妈最好的礼物 5 哪个妈妈科普下 9斤8两的新生儿大概是什么概念 6 有一句关于1和0的台词出现 全场响起一片女性观众的笑声 这是腐女的盛世 7 从演员阵容你就看得出 贾玲人缘挺好的 ,2
张小斐演的真好 感觉比贾玲好 结尾的反转真的升华了 或许很常见 但是不俗,2
看李焕英是不用动脑子的 因为母爱是本能 对母亲的依赖也是人类最原始的情感 眼泪就没有停过 贾玲真的是一个内心相当温柔的人 谢谢你和我们分享李焕英的故事 也谢谢李焕英带给大家贾玲这个宝藏女孩 ,2
贾玲喝醉了在妈妈背上说 来世我当妈妈  她妈妈说 还是我当妈妈  这一段要哭死了 想妈妈了 ,2
真诚是最动人的东西了,2
 打有记忆起妈妈是个中年妇女 所以总忘记 她也是个花季少女  我也想回到过去看看那时年轻的妈妈梳两根大辫子的模样  多一颗星独送给贾玲 ,2
作为新人导演 贾玲有很多稚嫩的地方 但有时候技巧并不是最重要的 她想要表达的感情是真挚的 观众就能与之共情 我其实非常能理解片中的贾晓玲 青春期的我逐渐对我爸失望 我希望我妈能和他离婚 而且听我妈讲她年轻时的故事 我就希望她在某一个岔口选择一条别的路 不要再嫁给我爸 但我妈总是说  那不行 那不就没你了吗  我说  没我也挺好 我希望你过得比现在好  她就总是说 我这辈子觉得我命最好的一件事 就是有了你 每一个能给与孩子爱的母亲 都是李焕英 我们总担心自己是不是不够优秀让她丢脸了 可是她只是希望我们能健康快乐地长大  不过陈赫这个角色到底有什么存在的必要  ,2
胜在真情实感 电影本身在情节推进 逻辑处理上是有瑕疵的 但对大众而言 影片的感染力与观影时的共鸣感是直接而强劲的 饱满的情感比叙事的技巧更易打动人  我和我妈虽然都没有哭的稀里哗啦 但是回家路上我问她 你今天高兴吗 她说 小棉袄陪我吃饭逛街看电影当然很高兴啊 我看她把电影票收藏起来 看她发朋友圈说幸福满满 我觉得好像 这就够了 ,2
有人说作为一部电影拍很烂 但是电影的本质是什么 不就是传达信息吗 贾玲能够沟通这种方式把对母亲浓烈的爱意和遗憾表达得淋漓尽致 作为观众我感受到了 这部算是春节档唯一合格的影片了吧 ,2
作为子女 能如此用心地为父母拍一部影片 这说明贾玲的内心是一个情感丰富 懂得感恩的人 她火是有原因的 ,2
Q 贾玲的第一部电影 完美吗  A 不完美 Q 为什么给满分  A 没有低级煽情 却让我哭的不能自已 就凭她让我痛快哭一场 何况前半段还让我哈哈大笑不止,2
7 0 10 同 夏洛特烦恼 互为优劣 若论喜剧感和年代元素的运用  夏 是比 李 强很多的 对比之下 后者反而显得生硬稚嫩 甚至与主线脱节 可前者的成功 更多来源于数百场话剧的敲敲打打 是对得起价钱的商品 却也只是商品 而本片赢就赢在情感真挚上了 看得出贾玲并没有照搬原作小品取巧 而是很用心地串起母亲生前事迹 就连广受好评的 依兰爱情故事 都没用 足以看出贾玲铁了心想做的只是精神改编 另外本片还有两个高明之处 一是真正学会了用反转作戏 让煽情段落与剧情推进紧密联系 而不是简单粗暴去挠你哭点 二来电影感很强 几处视听小创意属实惊艳 剧组里应该有不错的人才吧  另外感慨一点 李焕英这名字现在真的家喻户晓了 贾玲让妈妈活在了千万人的心中 整个大华语区这么幸运的母亲 除了她 也就只有叶惠美了吧 ,2
真诚 是电影好看的必备条件,2
即使到弥留之际 妈妈还在保护女儿的梦吧,2
片子最动人的还是贯穿始终的来自创作者内心的真情 那些爱与悲伤都如此真切可感 所以即便在大设定并不新鲜的情况下 影片的真情依然让人感动 不觉得俗套 电影中还是有不少小品式的处理的 但大都比较顺畅 不会觉得刻意 把私人记忆转化成电影故事是一件既幸福又痛苦的事情 幸福在于 自己的记忆可以在电影中重现 扩展和封存 但自己那些曾经的遗憾和悲伤 如今重拾起来会有着自我剖析般的痛苦 这部电影作为贾玲的导演处女作 是一次比较成功的私人记忆到电影的转化 这其实还挺让人羡慕的 恭喜了 ,2
真诚真好,2
韩寒上个电影是儿子回去见爸爸 贾玲这个是回去见妈妈 估计很快就会有电影是女儿回去见爸爸 儿子回去见妈妈的电影 我最后也哭了 贾玲没让大伙失望 看的时候还在想 这个表妹认得有点儿突兀 原来是为了成全女儿 很酷的点子 用心了 ,2
在电影里 贾玲加入了更多的人物和怀旧元素 还有在对 穿越 的二次挖掘 作为导演处女作 贾玲能在原有同类结构上做出突破 挺难得 不过更感慨的 还是贾玲对妈妈的思念和愧疚 哭戏已经完全超过表演层面了 很难不被感染 电影即便不能改变现实 至少在情感上可以做出弥补 最后我也忍不住跟着抹了眼泪 为了这份母女情值得加一星 比起沈腾一如既往的开心麻花 张小斐的表演更是难得 演活了李焕英的爽朗 泼辣和洒脱 这才是八十年代的女工呀 ,2
看完不得不再提起周杰伦的高光作品 双人穿越 反转剧情 再度证明单线时空旅行是最能让人共情的   当然破绽也很多 尤其不克制煽情 很希望结尾停在张小斐刚穿越落地时的回眸   但作为贺岁档且贾导非科班出生 能拍到这种程度也算很真情实感了,2
是很多导演一辈子也没法用学院派或旁逸斜出的技法与才情堆砌出的一部电影 挺俄罗斯文学的 我们心中都沉睡着浪费妈妈一生时光的愧疚 不配感 和很难言说的侥幸 耶稣是神化的圣子 而玛利亚却是近在咫尺的普普通通的母亲 ,2
四分是为了最后20分钟的惊天大反转 也许整个影片想表达的就是妈妈给自己的永远比自己给妈妈的爱想象中的大 ,2
没有感觉特别好 如果撇除十几分钟的泪点 其他部分都是很平庸的电影 这部电影最大的特质是真诚 还有最后打在字幕上的 从我有记忆起 妈妈就是中年妇女的样子  这句话太动人了 太发人深省了 ,2
好久没看到笑点这么密又清爽不油腻不自以为是的了 妈妈那条线也是给的出乎意料 有打到泪点,2
两个小时的电影 90 的时间在狂笑 几分钟一个包袱 后面的突然转折 意料之外又是情理之中 让人潸然泪下 很好的一部电影 推荐大家去看 ,2
在家庭迅速解体的 新时代  贾玲为逝去的母亲书写一篇情绪饱满的悼词 尽最大努力剥离宏大叙事 在后社会主义的暖色调景观 遗址中想象母亲的青春 如果说常常出现在童书中的 用时空穿越包装的 悄悄站在门外的母亲 式的亲情故事足够老套 那么贾玲不见矫饰 身心投入的表演 尤其是那段如梦初醒的狂奔 则足以证明她的真诚 贾玲很真诚 但现实让她的真诚多少显得幼稚 在泣不成声时我不得不思考 被感动的特权  有多少观众有机会与妈妈一同看这部电影或走出影院后会掏出手机给母亲打电话 又有多少观众和Ta们的母亲同时被这片沉重的土地牵绊住 和解成为终其一生都无法完成的神话 尽管相声和小品的舞台痕迹依然很重 但作为处女作已经超出预期 四星鼓励 ,2
看到结尾电影院里哭成一片 后排一个男孩子不停抽泣 真实的故事最感人 真实的情绪最动人 在我也即将成为妈妈的这个特殊时间里 旁边坐着妈妈 肚里揣着孩子 这场电影我大概一辈子不会忘 ,2
就 为什么伟大的妈妈一定要在下雪天走路回去 小学作文用烂掉的梗啊 多一星支持女性导演 ,2
喜欢开始的时候 张江背着贾玲跑 背景由黑到彩 还有一家三口看日出的时候 在母女二人喝酒的时候 笑着演出悲情 在最后的高潮反转 令人太惊喜了  你怎么就知道走老路不幸福呢  张小斐的演技给了我很大的期待 笑着演完全场 想和家里人一起再看一次     补个后评 在网上看到的 我理解孩子爱妈妈的心 但是我做不到像妈妈一样爱孩子 我最爱的还是自己 ,2
全程无低俗段落 以真挚取胜 粗中见细 有笑有泪 怀旧与亲情 喜剧之下积蓄的力量 在最后一刻爆发 赚足了眼泪   平常的穿越重生文 是主角开挂走上人生巅峰 而李焕英用两个小时 讲述了两位令人敬佩的女性  女儿宁愿自己从来没出生过 希望妈妈变得更好 妈妈依然选择了原配 下辈子还要她当女儿 看的时候豆瓣评分是8 1 看完出来变成了8 3 李焕英值得 ,2
贾玲演高中生好可爱啊 沈腾演的官二代也挺可爱的 是那种有冲突但没有坏人的温情喜剧 主线看哭 ,2
笑点挺多 而且不是段子合集  穿越设计也不落俗套  春节座无虚席的影院有恍如隔世之感   影片最后打动我的竟然是最后的字幕 尤其是那句  打我有记忆起 妈妈就是个中年妇女的样子    这穿越 终究是好梦一场    ,2
除了二人转那段开头感到尴尬以外 后面半小时隐形眼镜都给我哭掉 突然想到了电影的最基本的作用 圆梦 完成纪念的使命 ,2
这完全不像是第一次拍电影能拍出来的作品 太让人惊喜了 年代感很足 代入感很强 细节考究 最重要的是这些跟剧情非常搭配 完美的跟剧情融合在一起 情绪渲染饱满 竟然一点都不尴尬 一点都不尴尬 竟然一点都不尴尬 ,2
好小品 张小斐在河堤上走的镜头好美,2
同是长矿子弟的我在电影院哭湿了口罩 这些年因为种种原因对母亲的抱怨在观影中释怀 好想回到小时候 妈妈年轻壮实的时候 在大雨中背着我上学 清晨手忙脚乱的给我穿衣做饭 傍晚厂区宿舍里她声声唤我回家吃饭 在医务室里紧紧抱住哭喊的我让医生打针 一个月几十块钱的她给我买了一块上海产的梅花牌手表  记忆里我儿时的世界全是她的身影 可我不但资质平平从未给我妈长过脸 成年后还让我妈操碎了心 把自己的无能转化为对父母的抱怨  一夜未眠 除了好好生活好好工作之外 无以报答母恩 ,2
很成熟的包袱频出的喜剧电影 贾玲的处女作很成功 此外摘一句傅首尔的影评 时光倒流毫无意义 因为那些至关重要的决定 重来一次 也还是会那么选 ,2
贾玲这女子 有点东西,2
情感真挚 演绎动人 剧本有创意有细节 意外的反转情感冲击力巨大 击溃了所有人的泪腺  妈妈再来一次还是坚定地选择了那个他 生下她的宝 不求大富大贵 不需要更好的选择 只要是你们陪我 就是最幸福的一生 无论我们有多么普通 都是妈妈心里独一无二的宝  最后的回忆是像是妈妈生命力耗尽前的走马灯  李焕英才是这个梦的创造者 在弥留之际抚平女儿的自卑和自责  ,2
"走出影院泪流满面 没想到让我哭得最凶的居然是春节档唯一的喜剧片 整部电影情感起伏非常强烈 笑点与泪点齐飞 尤其比较感性的观众 根本招架不住影片结尾那个堪称催泪绝杀的反转情节 这也是为什么这部电影绝对绝对不能剧透 因为毫无防备的情感爆点力量才最强大 前半段笑得有多狠 后半段哭得就有多凶  你好 李焕英 优秀得完全不像一部非科班出身导演的处女作 贾玲用自己对母亲李焕英的一腔真情 泣写了这样一首献给天下母亲的赞歌 它精准地击中了中国观众的情感点 描绘出了一代人心中独有的八十年代 更打动了人人都有的母亲情结 别的不说 春节档如果带家人一起来电影院 这部电影绝对是最合适的选择 ",2
的确是一部只有女儿才拍得出来的电影 与其说献给了每一位平凡的母亲 不如说是献给每一位不大愿意接受平凡真相而又蛮需要哭一哭的有 过 各种情绪的女儿 比如我  ,2
好看没有办法用理智评分,2
给贾玲的真诚五星 非常私人的影片 重返十七岁颠倒版 亲情穿越梗和时代滤镜讨喜 意外的是官僚讽刺和最后的小转折 认出母亲之后开门的那一刻期待影片在这里结束 ,2
全程边哭边笑 女性导演的视角真的太细腻太能引起共情了,2
最后开车的镜头 应该是强拍出来 安慰自己的吧 ,2
前面笑成傻逼 后面哭成憨批,2
搞笑是真搞笑 感人是真感人 整个放映厅都哭惨了 一时分不清是电影里在哭还是观众在哭  可能因为之前看了综艺里的宣传 知道贾玲的故事 就更有感觉了 ,2
虽然 天上掉下个妈妈的宝 这样的穿越方式有些拙劣 但如果要写全天下父母儿女一场的感情 拍摄手法和技巧完全是次要的 重要的是真情  你好 李焕英 最不缺的 就是贾玲对早早故去母亲无法投递的真挚的情感 以至于我感觉她特别渴望去参与每一场哭戏 通过大屏幕把情感传递给更多的人 好让人替她承担点过于沉重的爱意   前半段女儿独自穿越时 她努力想让母亲活的更好一些 后半段母亲跟着一起穿越更让人泪目 她想让母亲知道和亲历她对妈妈迟来的爱 但在真正的世界里 早早去世的母亲 她已完结的生活既不会更好 也不会知晓自此以后女儿一辈子的遗憾   父母子女一场 感情是有方向的 长辈的势能总比晚辈高 感情就从长辈流向晚辈 所有人在任何时代都莫过于此 正因为大家都经历过类似的遗憾 所以才能在电影里得到慰藉 并哭了出来吧 ,2
8 0 10 胜过夏洛特烦恼 有泪有笑 相比同期唐人街的毫无节制 这部电影克制的非常好 笑点不闹腾 泪点不刻意 ,2
口罩都哭湿了 妈妈真的伟大,2
贾玲在王牌说 我把心掏出来给你们看了 呜呜呜呜呜呜呜 你确实是 这么多年第一次在电影院哭到抽抽,2
押宝 今年口碑第一可能是这部 合家欢电影 又哭又笑 老少皆宜  也可能是上午被唐探的拉胯气到吐血之后忽然看到这部觉得很惊喜  总之我觉得这是一部真诚的作品 但是陈赫这个角色确实不知道在干嘛 ,2
看过小品但依然被惊艳到了 对妈妈最后的部分简直是神来之笔,2
本以为是加强版 夏洛特烦恼  但结尾可真是大催泪弹 瞬间显得唐探3的煽情更low了,2
为贾玲成为中国票房最高女导演以及瘦成一道闪电出力 导演处女作真的是掏心掏肺了 最后哭湿口罩完全没错 谁知我妈最后却犯困快睡着了 作为导演的起点略高 不知还会继续导演之路否 ,2
 我算是懂了什么叫真情实感的创作了 哭稀了 多的不说了 ,2
 等你也当了父母 你就会明白爸爸 妈妈的良苦用心了   非得等到爸爸妈妈死了 你才会懂事   李焕英之所以成功把大家都弄哭了 是因为中国式亲子关系的痛点 就是在做这样一种徒劳的挣扎 试图在三观截然断裂的两代人中 触发一种身份互换的共情 aka 绑架  也就是李焕英结尾里经由电影视点完成的反转 ,2
前期特别搞笑 乔杉骑自行车出来那个镜头绝了 后期看的我哭的 眼线都花了 5555 我决定了 接下来两周会好好听我妈话的 ,2
放在春节档可以说非常合适 贾玲一直是个非常真诚的人 这种真诚也反映在电影里 最后的部分让整部电影从单纯的搞笑与卖情怀得以升华 逝去的80年代和去世的母亲 已经做的很合理了 有笑有泪 也有艺术 春节档看的第一部还是比较满意的 ,2
今年春节档最好看电影 笑点真的很密集而且不是那种是尿屁段子 全场基本都在大笑中度过的 剧情不复杂但是最后给人带来的感动就像前面的笑声一样 能在这样一部真正有笑有泪的电影看到真诚 张小斐演得真好 贾玲第一次当导演能导出这么高好的片子真的很厉害 用心又真诚,2
不知道该叫意外之喜 还是意外之 悲  笑点很好笑 但哭点也是真的很戳心窝子 故事细节上还能首尾呼应 去年一年看了一堆烂片 居然让我产生了一种阅卷遇见学霸的感觉  最后 观影记得带好纸巾  ,2
这反正不像是个电影 但是太真诚了打动人心 最后贾玲哭起来的时候心都揪起来了 ,2
不要忘了 每一位妈妈都曾是花季少女 ,2
赢在真诚,2
贾玲用心了 真的用心了,2
2021年的第一部电影 四个人看完 只有我一个人落泪了 最戳我的是 我来不高兴吗   高兴   我还能让你更高兴    妈 下辈子我来当妈   下辈子还是我来当妈  身为子女 我们能理解父母的付出与无私 但是却无以为报   ,2
贾玲放了真感情进去 但导演技术还是稚嫩的 看到了不少影片的影子 还好是沈腾救了场 那个角色他演起来观众也还买账 但凡换个人演 就垮掉了 ,2
最后10分钟这劲儿可真大 周围都是擦眼泪的 小段落节奏有一点点问题 几乎可忽略不计 沈腾的表演克制了许多 刚刚好 太有诚意了 纪念自己的母亲 新人导演处女作 我不听我要给满分,2
小品变得电影 母亲题材  一看沈腾贾玲他们都在 第一反应就是喜剧 但总体真的不错 喜剧 煽情同时存在 切换得当  剧情也是不错的 穿越的真真假假当中 突出主题,2
可能很多人眼里妈妈都是中年妇女的样子 但别忘了 她也曾是花季少女 ,2
这个故事告诉我们 真诚的创作可以弥补其他任何不足  很可惜真诚的创作太少了 ,2
笑点非常密集 从头笑到尾 特别是划船那段 而且居然有点磕晓玲和冷特的cp哈哈哈  最后结尾非常感人 在电影院默默流泪 一句话来形容最贴切不过 妈妈明知最后奔向的是死亡 却还是选择了你做她的女儿  她奔向的不是女儿 而是死亡啊 ๑  ωก ๑ 这个电影真的值得二刷 因为可以从妈妈的视角再次解读一些话和一些事件行为 比如结婚证那么重要的东西 为什么一个亲戚给你撕了你一点都不生气 真的很棒的一部片子 值得满星 ,2
哭到头疼  看完以后躺在妈妈肩头说 妈妈我爱你 我很幸运有你 妈妈说 我也是 有你做女儿 这辈子很幸运 ,2
开场十分钟就打响了流泪的第一枪 最后就一直哭 唉 我也知道我做不成什么事了 但是起码活着我爸爸妈妈就开心 不能把这点都拿走 我真的不希望她伤心 如果不能做什么让他们开心 不让他们难受就行 说不定以后会好 一家人一起看电影就很好 以后可能也会有很好的事发生 对吧,2
三星半 感动 不是电影层面 而是故事本源渗透出的母女情 真诚到令人泪目 能看出贾玲为这部电影做了大量的功课 里面有 请回答1988   奇怪的她   阳光姐妹淘 的些许影子 魂有了 可惜还是一则升级小品 ,2
按照一般套路跨界导演 还是春节档大都是烂片 结果着实被贾玲打脸了 后半段坐在影院里哭的快赶上泪奔嗯贾晓玲了 三十岁了没有什么让老妈骄傲的地方 还让家里操心 别人家的孩子都是结婚生子买房买车了 我何尝没有她的想法呢 如果换一个孩子老妈会比现在幸福吧 这大过年的 笑着笑着就哭了 ,2
不想打五分 但是真情实感不得不给五分,2
我还是挺羡慕我妈那个年代的 人人都是运动健将 乒乓球 羽毛球 篮球 排球 游泳 哪一个没有一样拿的出手的运动 他们都是在国企上班 强调集体 也经常组织这些活动 大家在集体运动中 常常是欢乐而充满活力的气氛 少有人得抑郁症 ,2
哭死我了 拿了一包抽纸 用了半包 我左手边的我妈哭得比我还凶 她说 每个人看这部电影都会想起自己的妈妈 ,2
本来没觉得够8分 7分合适 但看看唐探3 还是给8分吧 全靠同行衬托 ,2
觉得感动的点是 焕英在重走一遍人生的时候选择了同一条路  一箪食 一瓢饮 在陋巷 人不堪其忧 回也不改其乐  电影四星 第五颗星是他对我的意义,2
从头到尾写着的真诚观众是一定感受的到啦,2
整个电影院都在哭 每一个人都在哭 每一个   贾玲厉害 ,2
为母则刚 天要下雨  粮要解营 题外话 这个比唐探3笑点更高级 更多,2
前面一直都在想这片为什么有8 3 后面二十分钟明白了 母女关系讲完一层表面的弥补亏欠 还能再反过来讲一次亏欠不可能弥补 这个不新但是挺有效的 真诚最动人 贾玲每一滴眼泪都是发自肺腑 希望女导演们能更类型 更完整地表达情感 ,2
比春晚好看 真情实感足以弥补结构上的不足 肉眼可见的满满诚意,2
还是超出预期的 因为我不是很喜欢小品 结尾双穿越的设定很巧妙啊 但感觉结尾还需要再打磨一下 有点突兀 喝酒那场戏简直可以提名影后 是我看过最逼真的演出 实在太真挚了 根本无法抵抗 真诚的力量太强大了 完成度也还比较高 有笑有泪 三星打底一点毛病挑不出 作为粉丝多给一颗星 贾玲第一部电影鼓励一颗星,2
笑点流畅 哭点不刻意 贾玲 真有你的,2
真挚的情感是没办法表演出来的 贾玲是在掏心掏肺的展示 演不出来这个效果的 反转设计很巧妙 沈腾乔杉是点睛之笔 ,2
后劲太大了,2
这年头 有一部感情真挚的电影真难呐 ,2
是在贾玲跟妈妈说她以后会有一个考上UCLA大学 月薪8w的女儿时破防的 当妈妈跟玲儿说 我这辈子很幸福你怎么就不信呢 时 听到坐在我后面的小女孩问她妈妈 妈妈 你幸福吗    ,2
一开始还以为是韩国小说改编 误会这部电影了  很成熟很稳得片子 从英子伸手去接我的宝儿开始一路哭到结束 讲了一个好故事 希望贾玲可以弥补一份遗憾 妈妈一定为她骄傲 ,2
太真挚了 溢出屏幕的爱和温柔 看完好心疼贾玲 值得称赞的除了真诚 还有里面的每个女性都散发着个人魅力 它不来自外表 而是由内而外的光辉 女导演拍女性果然不一样 第一次在电影院听到女孩子哇地一声哭出来 还说真的忍不住了 带妈妈一起去看的 妈妈也哭 可能是想外婆了吧 如果真的能穿越 就算世界上会不再有我 也希望妈妈和外婆能过上更好更快乐的人生 毕竟她们一直跟我说的也是 你健康快乐就好  她们真的太好了 她们值得拥有更好 ,2
倾注了真情东西是不一样的 贾玲原来可以这么厉害 ,2
没想到老套的穿越剧本还能再创新 这才是春节档应该有的水平 除去前十分钟的不入戏 整部电影让人刮目相看 一个小品演员处女作扇了一众专业导演的嘴巴子 贾玲真正诠释了 外形不够才华来凑 的典型 ,2
2021年的第一场电影 最后我痛哭的原因是 为什么别人的妈妈都那么好 我妈却舍得在我三岁的时候和我爸离婚不要我 12年去外地看她车祸膝盖受伤的时候为了省钱不带我去医院让因此留下后遗症 现在怀孕每晚都被疼醒 15年还想来霸占我爸给我买的房子给她后来嫁人后生的儿子做婚房 我妈是假的吧 还是我不是她生的 除此之外我真的找不到任何理由来解释她这位母亲的行为了 好羡慕那些有妈妈疼爱的人 我也好想有个爱我的妈妈 ,2
就电影来说 总体有点过誉了 但作为新人导演 4 值得  但电影外的一点 贾玲 让很多人都知道了她母亲叫做李焕英  她和她母亲都是伟大的 她们都值得五星 如果有10星 我还是会打满 ,2
春节档第一部 哭的一塌糊涂 ,2
我想起了最后一次见我爸 他拿着一袋用塑料袋装着的杂牌绿茶饮料来奶奶家看我 他那天喝了一点酒 和我奶奶说他想接我回家住几天 奶奶不太放心 拒绝了他 然后 没有然后了 我爸42走的 脑血栓 10多年了 今天有点想他 特别想他,2
结构和剧情上的硬伤肯定在所难免 毕竟是贾玲第一次导演 但感情是真的 毋庸置疑的真切 一种中国特色的 与母亲的关系 这种关系 怕是作为一个中国人无论几岁无论走到世界哪一个角落都没有办法抹掉的 都已经不知道多少年没有回家过年了 非常想念大洋彼岸那个跟李焕英做过很多相同事情的妈妈 ,2
可是给我哭完了 贾玲的视角就是我这一代人的视角 觉得上一代人牺牲自己 委屈了自己 希望他们把时间更多放在自己身上 但是父母们觉得这样的日子很好 很幸福 ,2
怎么说 哪怕是这种题材对我来讲没什么触动点 但看完之后依旧是会对剧情里的人物有小小的共鸣 我喜欢它简约的主题  我来你高兴吗 高兴啊  她来干嘛 她来让我高兴的 这就够了 贾玲作为喜剧演员 很合格 ,2
如果客观评价 确实不够成熟 可整个观众席都哭成狗谁还顾得上客观 能让每个人代到自己就已经成功 有些故事 即使猜得到剧情照样让你一秒破防 因为人生早就写好相同剧本 不可逆的大结局 生而为人见者有份 从英文片名出来就开始崩溃 因为进电影院前刚决定不回我妈的消息 第一次一个人过年 以欺骗家人的形式 冠冕的理由有很多 却没有一个可以粉饰负罪 没有让她高兴过一次的贾晓玲就是我自己 想说的有很多 好像都无意义 高中也和同学讨论过 怎么还清父母的债 她说只有下辈子做他们的妈妈 这竟是所有人都做不到的朴素愿望 想从带她看一场电影开始 这件说了很多年的小事 希望这一次我能做到 ,2
要好于预期 第一个抖包袱的点 她姨给她红包 邻坐的一个叔叔在衣服内口袋拿出叠好的布擦汗真是笑死了  最后她反应过来她妈年轻时不会缝好看的图案那里 真是催泪的开始啊  ,2
女儿穿越找妈妈的设定今年在电视剧 我才不要和你做朋友呢 已经出现 而电影结局的双穿越使情感升华提高了层次 相比于以前的父子穿越 近几年母女题材影视剧的兴起反映社会女性权利意识的觉醒 ,2
为真诚 以及为在这部电影里感知到的女性的力量多一颗星 女性的力量就该像这部电影里表现的一样简单又复杂 复杂在看待世界的关注点 思考问题的模式 解决问题的方法都应该有女性特有的 柔中带刚 感 又简单于仅仅只展现她们努力生活的一面 就足以透露出女性的寻常魅力 而这样女性特有的敏锐 感性和态度 会让整部电影呈现出完全区分于男性主导的电影的风格   所以本片中女性的力量不意味着让 女性 完全让步于 母性  而 好面子 气急败坏和唉声叹气 这样不完美的设定 反而让她身上的 独立 知足和快乐 显得那么可爱 本片里我喜欢的一点是 李焕英是个普通的女性 她确实没那么刚烈 不那么决绝 还有点小毛病 但这不妨碍她成为受人尊敬的女性 以及在某些感知到柔情的瞬间里 我突然很庆幸自己生来是女性 ,2
嘴上说不喜欢陈赫还是被安利去了 掉眼泪是从头掉到尾的 头有多头呢 改成绩被发现后一前一后走路和解那就开始了 尾一直哭到片尾字幕 没办法说拍得好还是不好 亲情梗的片子不能用这些来判断的 我也认输 Bug是全片没听到过一句 李焕英 你喜欢什么 你想做什么 你怎样会开心  没人问过 最后母职的牺牲就显得更令人心痛 如果贾玲给母亲争取的不是嫁给厂二代 还是得靠男人  而是争取深圳那个新厂的工作 我会非常respect 但也取决于问一句你怎样会开心   不陷在剧情里 这么跳出来一看 这电影是挺空洞的哈  ,2
没有很特别的摄制技巧 女导演视角下的女性温柔而有魅力 真正地以情动人 ,2
不好吃 但美食一条街只有这家店了 感谢吧  ,2
笑惨了也哭惨了 这种感动对留学狗来说太致命了 ,2
电影节奏和画面语言确实有很大问题 但真诚胜过了一切 女性视角下一切都太美好 女人美好 男人也都可可爱爱的 没有任何令人不适和被冒犯的情节 尤其喜欢陈赫那个角色 不会再开肥胖梗的玩笑 即使躲雨挤成那样 他也看到了你有趣美丽的灵魂 贾玲真是超级无敌大可爱 ,2
在贾玲说出对啊 我妈怎么会缝的那一瞬间整个电影在这里开始反转 从这里开始显得不一样 我爱这一瞬间    ,2
我很客观很客观打分她实打实值四分 如果要我主观评价我觉得她值满星 首先就是我觉得贾玲很了不起 真实的爱 观众是感受得到的 这是电影的意义 超越艺术 商业 科技 这是一种情感 比那些前者更难得更有价值 能引发观众如此广泛的共鸣是对电影最大的认可 你说这煽情 我也可以理解 毕竟不同的人对情感的表达可能会大相径庭 但电影不能光凭借手法和技术来评价好坏 电影背后蕴含的初心和情感更值得称赞 毕竟 大众传媒不代表不说人话 电影也不代表技法大于情感 有的情节和人物没多大意义 客观存在的问题也不用回避 因为小小的瑕疵掩盖不了绝对的成功  我 最讨厌感动到哭的时候有人在那阴阳怪气调侃有什么好哭的 我笑点哭点都低也不代表我电影素养低 总想着自己标新立异是最幼稚的做法 而且说别人幼稚的人自己也不会成熟到哪里去 ,2
看哭了 不是因为片子多么好 而是张小斐演的妈和我妈太像 ,2
略高于预期 非常满意 反转没有猜到 贾玲第一次做导演取得这样的成绩很不易 ,2
在电影院憋着哭好难受 如果可以我想嚎啕大哭 ,2
影片看着看着以为是上天给女儿一次机会 弥补逝去的时光 让那个时空的母亲高兴一回 结果最后居然反转 原来一直是母亲在注视着女儿      当时鸡皮疙瘩全起来了 非常震撼 另外 母女和解的内核 总能让人轻易流泪 ,2
其实看得出拍的比较稚嫩 但是题材很好 谁不爱自己妈妈呢 后面反转是意外之笔 没想到是一起穿越回去的 五星吧没的说,2
不特么说好了是喜剧么 ,2
有笑点有泪点 全片围绕妈妈以及女性群体 没有刻意比较恶意中伤 娓娓道来妈妈的一切 将平淡的生活用喜剧的手法体现了出来 很惊喜 原来贾玲那么有才 ,2
反转设定非常加分 基本没什么拍摄技巧 但就是能让人动情 煽情手法也不讨人厌 那句 我宝 真的催泪啊 相比运用各种炫技拍摄手法但是笑点槽点剧情一塌涂地的 唐探  我更希望看到更多的这种拍摄手法粗糙但能让人动情的 小品 电影 ,2
笑着笑着就哭了 也许作为导演处女作技法上有些不完美 至少感情上足够真挚动人 引人共鸣 妈妈 我不仅仅想活得健康快乐 也想要成为你的骄傲 ,2
玲儿吃的那个豆包怎么那么软乎儿啊,2
电影院有个妹纸哭得超大声 灯一打开就是社死现场 但真的蛮好看 好笑也好哭 ,2
有惊喜到 笑点十分密集且有质量 每几分钟影厅里就发出爆笑声 情节自然不俗不尬 情感升华也真挚感人 这种片子是笑和泪交织本能的感动 几乎可以忽略掉贾玲初次执导的的生涩感  如果不纠结穿越逻辑的话 是很不错的切入点新颖实际的女性题材影片 有喜有泪贴近生活有现实意义 女导演真的有更细腻的的视角 更会用女演员 真的要夸夸贾玲和这帮优秀的喜剧演员  ,2
看了影评后 特意约妈妈一起看的 可能因为被一定程度地剧透了 所以前面很多暗示的小细节哭得比较厉害 发现妈妈也穿越了那里反而平静了许多 看完后跟妈妈散步回家 聊了我和她 也聊了她和外婆 算是成年后聊得最深入的一次 妈妈为了这个家庭真的牺牲了很多 希望自己以后能尽可能地让她快乐 ,2
树欲静而风不止 子欲养而亲不待 对于大多数人来说 可能前一句说的是人到中年的处境 后一句则是永远抚不平的心情 ,2
看预告和简介这不就是 我才不要和你做朋友呢 的电影版吗 ,2
用能留下最长久的形式追忆纪念最爱的人 每一个人都很可爱 真的忘了我们的妈妈原来也曾经是个一个少女,2
 你好 李焕英  有意料之中 也有意料之外 意料之中是它猛地戳中了我们身上 亲情 这根泪腺 每个人也很想回到从前站在父母旁边看着他们是如何把我们慢慢带大 或许那样才会更加理解他们吧 它很温馨 就像电影的暖黄色调 那样暖进人心 片尾字幕李焕英真实的照片以及贾玲发自真心的话 看得人非常感动 一看到贾玲哭 我也想跟着哭 呜呜呜 那种泪流满面已经超越了表演的范畴 今年就地过年 只能自己去看 其实非常想陪我妈去看这部电影 当然也有意料之外 跟原版小品的结局大不相同 原来贾玲还在这里暗藏了反转的玄机 所以不能剧透 这也是电影最大的秘密     ,2
从 回到未来 到 土拨鼠日  如果真有这意思的话 那就相当meta了 用电影把逝去亲人的美好时光循环放映,2
想要通过作品释放自己的一些情绪 遗憾 是创作原动力的其中一种吧 看电影的时候 能感受到贾玲的这种释放 这也是我看这部电影最大的获得 从一个创作者的角度 ,2
穿越的真相这个设计特别棒 让电影更有层次 爱永远最催泪 ,2
太碎了 一些喜剧情节倒是可以接受 毕竟是春节档 但是从发现到反转那段 明明几个镜头就能表现的事硬塞了一堆回忆 过度消耗观众感情 削弱了反转应有的冲击感 有些失败 ,2
9分 贾玲让全国人民认识了她的妈妈 这才是最厉害的怀念 电影中前面有多搞笑 结尾就有多催泪 贾玲和李焕英喝酒那段之后 整个情绪就变了 从影片成了贾玲的告白 那一段哭戏已经不是演技 单纯就是真哭 所以就特别感染人 结尾的反转在前面已经隐藏了很多细节 进一步摧毁了观众情感防线 也把前面的不合理之处给解释了 而且从伏笔来说这一部作品也有推理电影的感觉 还有 本片中的穿越最后没有改变未来并不是出于各种意外 而是人为选择的结果 再加上故意放弃父亲这个角色的描写 都是为了突出李焕英发自内心地喜爱有贾玲在的生活 要说缺点就是陈赫这个角色是不完整的 拉了一条他和贾玲的感情线 但最后不了了之了 有点可惜 另外 如果能把前面的喜剧桥段和最后的催泪情节融合起来就真的完美了 电影中只有二人转那一段稍微有点这种效果 ,2
最后妈妈穿越回去的视角是神来之笔 母女想象中的告别 泪崩了 如果有一次机会让我穿越回去 我也没什么好妈妈 只有特别短暂的好爸爸 想到这个更令人难过不已 如果也能再给我7年就好了,2
一开始不太想去 后面看评论还不错 打算带妈妈一起去 结果朋友约着就今天情人节凑了个热闹 路上特别堵车差点没赶上  我泪点太低了 差不多从头哭到尾 一直以来都觉得妈妈过得好辛苦 要是可以从头来过 希望她可以过得更好即使没有我  演员真的有相像不出戏 年轻妈妈演得好温柔 好美 笑起来好好看 又感动 最后结尾真的哭得我喘不过来气 555 不敢带妈妈去看了 场景 表演都很细腻 感觉很用心 不愧是我最喜欢的贾玲  陈赫好腻 受不了 ,2
其實後半段的轉折不是太好 因為這是女兒以為母親不知道自己 而母親卻已經完全知道 並且迎合女兒的慾望 所以女兒希望母親嫁得好一點恰好是極其父權的 母親自己明白自己想做什麼 而女兒真正接觸的是母性大他者  那個能滿足自己 但是自己要 滿足 大他者 卻發現其失落  大他者不存在 大他者只是給主體自身的定位罷了 也因此只有定義為姐妹而不是母女 這部電影才算得上佳作 後半段煽情也因此顯得有些多餘了 或許在疫情期間 這種電影就已經是佳片 不過這顯然不是好事 ,2
生姜对生发屁用不顶,2
贾玲这么举重若轻 真情实感的戏 张小斐接住了 真棒 希望多一些这样的戏 让我们从喊 妈妈爱你 的粉丝 找回 爱你妈妈 的初心 ,2
用作品疗愈自己的人 你想让她赚钱 影评人也许会总结各种技术短板 但掏心掏肺永远胜过机关算尽 女性视角的凝望真是温柔动人 春晚的贾玲肯定是被绑架了 ,2
虽然做过心理建设 我还是没把控住眼泪 剧本情节虽然明显有不足和生硬 但贾玲的真情流露还是把我感动到了 后面的每一刻她都不是在演吧 而是完全投入吧 电影给了她一次重逢的机会 也给了我们一次救赎的机会 ,2
555555 一歇哭一歇笑两只眼睛开大炮,2
 从我出生起 妈妈就是中年妇女的样子 以至于我会忘记妈妈也曾是少女   你以为你很爱妈妈了 其实妈妈比想象中的还要爱你  电影并没有网上评论的那么好 但是越长大越能体会到母亲对于孩子的爱 情感真挚足矣 ,2
沈光林湖中是全剧亮点 ,2
前半段好笑 后半段又温暖治愈感人 春节档不得不看的好电影 坐我旁边的女生带着她妈妈一起来看 电影后半段的时候一直在抽泣 电影带来了最真诚和真挚的情感 让人感同身受 电影在鄂北的小城发生 根据贾玲和她母亲的真实事件改编 片尾字幕和照片出现的时候 回头来看其实是个相当厚重和让人伤感的故事 同时也能感觉到电影里的女性主义的意识在电影里面的慢慢觉醒 成长中父亲的缺席和母亲对儿女只要幸福快乐的成长就好的期盼 都是电影高级的地方 ,2
前面笨拙生涩 结尾哭到不行 上次哭这么凶还是CoCo  真的真的 妈妈两个字我听到就想哭 支持女导演支持女导演  哭了哭了,2
"看过小品版 电影版还是没有一包纸也哭完了半包纸 随着贾玲一起哭 在电影院里拼命压低自己啜泣的声音   结束的时候场务提醒大家没有彩蛋 催促大家离场 大家没有看完字幕会错过 依兰爱情故事 的 ",2
最后小斐接贾玲喊我宝的时候简直  ,2
问题真的很多 好几处重要的情绪节奏都是错的 生硬的 导演能力真的很成问题 但好在没出现太大的方向性错误 在这个前提下 这电影的真诚还是很动人的 ,2
当一部喜剧在拥有合理的剧情的同时 还能在每一个细微的笑点上都能令人发笑 这部喜剧无疑是成功的 而当一部合格的喜剧 好的创意构思 合理的煽情与深入 春节档 那么这部影片堪称完美 它做到了 ,2
情真 段子没国内喜剧电影那股膈应人的直男味儿 就觉得蛮好的了 结尾太蛊了 某种意义上麦琪的礼物 ,2
有演技保证 即便是最传统老套的叙事也好笑又好哭 唯一的尬点是陈赫 每次他一出场我就脚趾抓地  ,2
你未必总能想起让妈妈开心 但无论什么时候还是哪里 妈妈总想守护你 可是没你之前 妈妈也曾有过青春 是个少女啊   这一部春节上映 可谓把人情绪拿捏的死死的 有哭有笑地看完 就地过年的想妈妈包的饺子 回家过年的决定好好陪陪妈妈   感谢笨拙而真诚的贾玲 技巧可能60分 但真情实感120分   最后 你玲啊我还1呢哈哈哈哈哈 名字就有好多梗哈哈 ,2
作为电影来说技法和叙事自然是稚嫩与平常的 但它足够真挚 诚恳 勇敢和动人 可以从中感受到创作者的温度 尤其在这个档期 于正常制作的标准上 认真和善良成为最服众的作品根基 本片都做到了 观众为其付出的情感是值得的 贾玲不仅让我们从中看到了她 也让我们从中看到了自己 ,2
贾玲导演的处女作 实在是太好了 太惊奇 太动人了 求你们都去看 觉得不好找我退票钱 ,2
看吧 预言今年的票房黑马,2
贺岁档最好哭 看的最舒服的电影了 笑点多来自自嘲和语言艺术 表演中的小细节做的也非常好 最后的反转实在是太顶了 就算那时你猜到又如何 情绪依旧无法控制 强力推荐带上父母一起观看 ,2
口罩真是太好用了 活活哭湿了一整个 我发现全世界的妈妈都太好哭了 不论是印度的 神秘巨星 还是日本的 垫底辣妹  当她们的妈妈与贾晓铃的妈妈一样说出那句 我的孩子健康快乐就行 的时候 就是人们眼泪决堤的时刻 可在这个时刻里哭泣的不只是 子欲养而亲不待 的贾晓玲 影院黑暗的角落里还有无数个 需要赚更多钱才能尽孝 的樊胜美们 她们哭得更心酸更复杂 哭妈妈也哭自己 ,2
在结局之前我以为会是新难兄难弟 或是乘风破浪 或是回到未来 但最后却是 你一生的故事  最特别的是 正因为这个反转的结局 如果在看第二遍的时候反而会带来完全不一样的感受 第一遍的所有笑点会很奇特的变成了泪点 这片值得和应该看第二遍 ,2
作为一部喜剧来说 笑点就一般小品水平 太浅了 都猜得到的 小朋友都笑得很开心 故而就不是特别好笑了  但是它特别好的是 把穿越翻出了花 当要让妈妈开心的这份心意被传达到 这个点实在是太好哭了  但是最后跑回去强煽情的戏份就有点过了 不是说不可以 但是时间太长了 有点过犹不及了  贾玲作为导演处女作 完成度很高 陈赫意外的很惊艳呢 ,2
看完之后其实挺有共鸣的 其实我原来也有过这个想法 如果我能回到过去的话 我就不让我妈和我爸认识 这样她就不会过的像现在一样惨 有没有我无所谓 重点本身也就不是我 ,2
感动和搞笑的情节都恰到好处 爱值得五星 最后煽情安排有美中不足,2
作为电影还欠火候 剧本也不丰满 价值观比较主流 但是笑点不断 泪点饱满 反转有力 看得人情绪跌宕 有沈腾这成功经验 想必做到这一点不算太难 我更感动的是 能以这样的方式 成功的作品告慰自己的母亲 贾玲很棒 上一次有印象能吸引巨量大众去关注自己家人的明星还是周杰伦 ,2
张小斐特别好 贾玲的真诚太打动人了 看到结局再回去想那句 我说了我很幸福 你怎么就不信呢  我的泪又憋不住了 如果是和同学看这部 我可能不会这么喜欢 但是我的李焕英就在我身边 珍惜每一秒 每一秒 ,2
难以置信 皮克斯级别的好哭,2
牛逼 笑的时候让人开怀大笑 触动的时候让人眼角湿润 整个电影的立意也很好 在女性导演的电影中 英子年轻时简直太美了 结局的反转让人震撼 牛逼 ,2
应该是21年贺岁档票房黑马 从技法 格调和立意上看 本质还是小品 穿越桥段实在也是用烂了 电影技巧上不能说有多高明 但情感渲染和商业效果出奇的好 文本比原小品扩充了不少 穿越过去是喜剧怀旧风 桥段包袱也不油腻 峥嵘岁月里温馨的昂扬的调子 后半段的温情戏码切入了普世的东方人文语境下这种 亏欠 式亲情 一边是子女对父母未及报答的愧意 一边是母亲只希冀女儿的快乐成长 很抓心 很真诚 很治愈 也让人动容 情感一下子升华了 比夏洛特高级 比探案3简直好太多  既让人发笑又让人感动 当下国内的看客们太吃这一套了 不能说是好 电影  但值得你买票 7 6,2
看完这部电影就好像看到漫漫几十年的岁月突然被抚平了 看到了妈妈是如何成为了妈妈 那件我们从不曾想起的事是 在成为妈妈之前她也曾是个美好的少女 也曾有过梦和热爱 最后她的梦却变成了我们 如果可以 希望大家能带妈妈去看这部电影 去和妈妈一起拾起她的梦和岁月 去成为她值得的热爱也去更好的懂得和热爱她 ,2
我很喜欢贾玲 希望贾玲幸福 但她仿佛和我一样 都没有从丧失至亲的悲痛中走出来 所以结局悲大于喜 沉痛大于超脱 希望贾玲通过这次的创作 能完成自我救赎 然后不要再焦虑 不再因为焦虑而猛吃 然后健康的范围内胖嘟嘟 成家立业 有爱人和孩子 迈向幸福而遥远的未来  ,2
不管是剧情还是拍摄手法都挺普通的 但是看着很舒服 不让人讨厌反感 这就是女导演拍戏的好处啊 讲女性的故事 完全以女性为中心 男性都是陪衬而已 而且不丑化不物化女性 这年头不让人反感的国产喜剧实在太少了 唐探充斥性别歧视和色情段子 ,2
事实证明 怀着诚意和敬畏怎么会拍不好电影呢 贾玲 不错 ,2
如果时间倒着走 我也想看看你们年轻时的模样,2
有笑点有泪点的一部贺岁档 看之前看到一条影评说最后十分钟节奏把控不好 实际看的时候却很惊艳 与其说是女儿的一场梦不如说是母亲在弥留之际给女儿编织的一场梦 让她不再自责 自卑 让她明白母亲的心愿就是女儿健健康康 快快乐乐地活着 但真的值四星吗 也不尽然 全靠同行衬托2021 2 15,2
最适合带父母一起看的一部 前半部是身份错位的常用喜剧手法 后半部是子欲养而亲不在的真情流露 组合起来就是屡试不爽的票房灵药 总能牵动起观众的笑与泪 或许俗套 但就是奏效 贾玲第一次做导演 真诚的创作态度是勤能补拙的 ,2
春节档口碑黑马当之无愧 很意外 很棒 用心拍电影的值得尊重 满星鼓励 ,2
5555张小斐母性光辉太强了,2
虽然结尾还是有点煽情过度 但是视角太难得了,2
中规中矩 但影片中流露的真诚打动到了每个人内心最柔软的部分 加上扎实的喜剧效果 整体观感对于大多春节档观众来说无可挑剔也可以理解   贾玲多场戏都特别真情流露 她对母亲那份沉重的思念很难不让人鼻子一酸 电影角度也看得出她的认真对待 不难想象她为这部电影付出了多少 果然一个人认真对待一件事 是会发光的   即使影片本身存在很多问题 但大可不必质疑它是否值得如此高票房 多多反思背后的原因 中国电影自然就会进步   电影是和妈妈一起看的 我在异地住院 她从家里赶来照顾我 见到我说 不知道怎么 明明是离开家 但见到我就有一种回家的感觉  ,2
之前看过类似主题的香港老电影 讲的是父子 这一版是母女 且没想到的是母亲的角色上设置更为精巧 结尾落泪 妈妈也曾经是个花季少女 要珍惜要好好去爱啊 居然在这部电影中隐隐get到了陈赫的帅点 ,2
有时候电影确实不需要那么多的技巧 真诚能打动每一个人,2
这个电影的商业喜剧形式与情感内核有强烈的分裂不兼容感 贾玲对她母亲一生的愧疚 不甘 意难平太过于浓郁真实 导致完全无法走向商业喜剧所追求的那种合家欢正能量结局 而正是在这种持续到影片最后一秒的 强烈的 痛苦的 无法消解的所谓 负能量  几乎让所有对女性广泛的生存现状怀有不满的女性观众产生了无法遏制的共情 因此也有了超越甚至批判其俗套外壳的女权主义潜力 这种潜力主要体现在两点 1  因为无法以正能量收尾 这部电影在各种烂梗铺垫之后仍无法将母亲的牺牲简化地歌颂为理所当然的伟大  她的人生本可以更好  这样的意难平永远是为女性生存权益抗争的起点 2  电影难得的构建了一个从 女性内卷 到 女性联盟 的清晰反转 能让母亲的人生变得更好的永远不是 赢过其他女性  反而是女性之间的情感联结 ,2
笑中带泪 这个电影是有味道的 为了不让我妈发现我哭的很惨 一直没大动作 口罩底下吃了不少自己的眼泪 ,2
单论电影本身还是有很多毛病 但我共情了贾玲对母亲的感情和母爱 ,2
其实 刚开始对这部电影是排斥的 以至于其他几部看完了才来看这部 毕竟小品或话剧改编的电影并不太像电影 台词设计得太完美 太满 梗也太密集 虽然很好笑 但并不真实 不像生活里会说的那些话 倒像加长版的小品 如 夏洛特烦恼   羞羞的铁拳   但好在贾玲的情感是真实的 通过这部电影也让全国观众知道了自己母亲的名字叫李焕英 纵观全片 能看到很多电影的影子  夏洛特烦恼   乘风破浪   少林足球   夺冠   想见你  不能说它特别好 只能说他特别讨巧 笑点有了 泪点也有了 再加点煽情 反转 母爱升华 确实是大众喜欢的类型 前面90分钟3 半 最后30分钟的剧烈反转 纯属意料之外 多加一  ,2
有想法但是细节不够 如果一开始贾玲砸下来后张江背着她跑去医务室那一段用长镜头凸显野心 沿路还是黑白 到张小斐出现了才变彩色我觉得效果更佳 说真的 贾玲对于妈妈真正的印象就在于第一台电视和排球运动员两件事 抛开这两件事后那些虚构的便显得有点虚 但是这个反转真的有点出乎意料 说到底还是剧本大框架好 还是母爱伟大 别管那么多逻辑错误推敲欠缺的问题了 你爱妈妈妈妈更爱你这个主题真的非常无敌 最后因为我个人很喜欢张小斐 所以私心加一星 ,2
2021 02 12 我家的新年定例 大年初一全家出动看电影  今年选了国民好感度最高的贾玲 结果我的小侄女和我在影院眼泪横飞 有一说一瑕疵不少 缺乏令人信服的穿越媒介 陈赫这条线存在必要性的丧失 但是整部作品不仅剧情流畅 演员完成度高 难得的是搞笑得不落窠臼 颇有新意 反转之后从一个普通母亲的角度给出的人生答案真的是最好的最动人的答案 希望大家都可以明白 不要总是自以为是擅自替妈妈做决定 无论是你未曾见证过的青春时代还是你所熟悉的中年和老年时代 她真的除了儿女之外还有很多自己的故事和生活                                            另外我要加一句 沈腾叔叔是全中国最好笑的人 ,2
落在地上的喜剧应该就是这样的吧 笑点满满 搞笑不硬咯吱观众 泪点自然 感情表达毫不做作 贾玲靠自己的努力 让对妈妈的感情有个着落 思念有个回声 多好啊 没想到张小斐演技这么好 太自然了,2
喜剧和情感部分自不必说 这都是有目共睹的 最后的反转才是点睛之笔 正因如此 前面的笑点全成了泪点 这才是高级的喜剧 ,2
如果是献给李焕英 我打五分 如果献给观众 我打三分,2
合家欢喜剧 更没想到还是一部情感真挚的温情片 可以说情感元素比搞笑元素更能打动观众 我所在的场次座无虚席 前半段全场都在笑 快结尾时则不少人都在哭 尤其是女性观众 贾玲在自己的导演处女作中倾注了自己对母亲的深厚感情 这种真实的母女亲情也成功地传递给了观众 当然 作为喜剧这部作品也成色十足 贾玲 张小斐 陈赫 冯巩 乔杉这些笑星逗你笑没啥难度 何况还有沈腾这种大杀器 那段 船戏 实在是太搞笑了 ,2
笨拙但真诚 这就很好呀 ,2
某种程度上来说  你好 李焕英 是一部经过严格 计算 的电影 8分喜剧 2分悲剧 但对于大多数观众来说 走出电影院 只会记住这2分的沉重 在这个 就地过年 的特殊时段 成功击中了中国人的痛点 这一切都归功于导演兼主演贾玲的真诚表达 以及张小斐等人的动情演绎 同时作为一部完全女性视角的影片 女性角色不再停留于工具化的常规设置 其光辉成功盖过包括沈腾在内的所有男性角色 十分难得 ,2
反转之前都很普通 反转后的十分钟眼泪就像水龙头一样止不住了      ,2
哭了 电影很真诚 那些说贾玲消费母亲的 可长点心吧 贾玲有能力 有机会把自己母亲的故事拍成一部作品 并且将永远留存于世   很棒 很羡慕 ,2
2021年2月5日 妈妈永远离开了我 直到现在都感觉很不真实 这个新年过得太难受了 多么希望只是一场梦 选了这部电影 想给自己找个情绪出口 确实很好哭 总说要不留遗憾 但真的只有人没了 才知道自己真正失去的是什么 ,2
虽然宣传在说催泪 但我感觉还是笑点更多 对沈腾的演技又有了新的认识 以前以为他只会演王多鱼那种角色 没想到这回出场还真带着点文质彬彬那味儿 ,2
本来还有点怵看这片 因为之前看舞台版的时候就挺泪目的 可是这一场看下来 还是有点略超出了我的预期 尽力还原的80年代阳光和煦感挺好 水龙头上刷的防锈漆色都挺正 公交车型号略新了些 中间加的那场女排戏还真没想到  穿越是个壳 宿命是个圈 亲情是把锁 母爱是座山   集合了中国中 老年妇女典型形象的演员 母亲的两个酒窝和贾玲的那一对笑起来 故事就让人相信了  ,2
  观影  李焕英的闺女还是可以的 做为贾玲的导演处女作 全程无尿点 哭哭笑笑地看完了 五星你值得 推荐 ,2
虽然也被感动 但并不是这么强烈,2
李焕英命运的坎坷 不在于孩子的顽劣 也不在于配偶的平庸 她是无数国营工厂工人的缩影 她青年时代之后的坎坷经历 源于所在阶级阶层的失权 贾晓玲虽然把母亲的苦难归咎于自己 但也明白命运悲剧的源头在何处 在于可以继承的 位高权重  ,2
无法从电影工业标准或艺术标准来评级 因为感情太真挚了 有些桥段从商业片的角度你一定觉得多余 但一想到这是贾玲拍给已故母亲的执念 就觉得一切都合理 很适合春节档期 影院里有人带着父母 有人带着孩子 大家都经历了一场共同的欢笑与泪水 贾玲是人民艺术家 她的电影是拍给人民的 值得一个五星 ,2
看之前相信值得一看 但觉得分数夸张了 看过之后完全理解 再理智觉得四星也愿意为情感 为女性视角都给五星 和闺蜜哭得很整齐 张小斐好美 演得好好 沈腾叔叔真是长在我笑点上 听到冯巩的 想死你们啦 才感受到了过年气氛 以前没注意乔杉和贾玲长这么像 结尾很妙   贾玲这次很牛 李焕英值得 ,2
知道很好看 但真的不想去影院看煽情片 然鹅还是去了 东方叙事风格把我吃得死死的 整个电影节奏很好 内容非常充实 笑点泪点都很接地气 真实不尬 发人深省 共情一流 更难得的是拍摄手法也很不错 镜头的转换都很流畅 成熟 整体质感非常好 影片很优秀 看的过程中你不会想去分析电影的拍摄技巧 就想看这个故事本身 剧本非常优秀 荧屏上几乎都是喜剧演员 女演员比例也很高 这一点也相当感动 东方电影就应该发挥自己的特长 ,2
2点场的电影 人都坐满了 大家一起笑 氛围很好 最后差点忍不住哭 不太好意思在熟人面前哭来着 大年初一 牛年大吉 希望家人健健康康 平平安安 ,2
好久没有看到过这么真挚的情感流露了 ,2
哭得很累 然后清醒地知道我和我妈的问题更难解决 ,2
得知真相的我眼泪掉下来 那一段太好哭了 我和我妈两个人都哭   ,2
虽然有不完美但我此刻愿意给这部电影满分 有笑有泪观影体验极佳 笑点自然不尴尬 尤其划船那段笑得没抽过去 而从反转开始 没感觉到刻意煽情但泪就是止不住了 夸一下两人的演技 感染力极强很让人有代入感 以后的作品目测都会贡献电影票了,2
 乘风破浪 的 姐姐 ,2
水准之上 意外之喜 在一众春节档电影中胜出的x factor就是平心静气的叙事  技法为故事服务 调料为食材服务 演员为观众服务 幽默为真情服务 片尾的结构转换与价值升华做得很提气 母子分别的戏份拥有了接近 时空恋旅人 父子分别的些微光芒 幽默与深刻结合得很好 没有 春节档寻常可见的 强煽情 没有 剧情需要 般的生硬转换 初接导棒的贾玲值得我狠狠鼓掌 8 ,2
多一星鼓励 支持女性创作者 很温情的一部片子 最后点破英子带着妈妈记忆的时候 瞥到玲儿从天而降喊着 宝儿啊 冲过去试图接住的画面特别touch ,2
多年前看过贾玲的小品 今天在看电影版 贾玲是真的用心在想她的妈妈 感人至深 欢笑夹杂着泪水 儿子看完了还跟我聊了好久 带着亲人去看 你会收获很多 ,2
我收回之前的怀疑 因为 真心给自己母亲拍一部电影 顺便拿几十亿票房这件事太牛逼了 真的 ,2
我年纪大了 我哭了 我希望爸爸妈妈能陪我更久一点 让我再对他们好一些久一些 ,2
父母总是希望孩子健健康康快快乐乐的就好 并不奢求名牌学校月薪八万这样的成功 可是一个人一生要经历多少磨难 连平凡的快乐都太难了 ,2
诚意很足的一部影片 情节基本都能圆回来 80年代的质感也做到了 四星没问题 为贾玲加多一星,2
其实看得出贾玲拍得很克制 没有用自带哭点的bgm 依兰爱情故事  甚至好多感动的地方都没有用太浓重的背景音乐煽情 最后的反转也在原小品基础上进行了升华和改编 但还是太好哭了 ,2
氛围营造得不错 煽情也算点到为止没有超限 看完之后回忆起来也不记得自己看了个啥 但是立刻给我妈发了微信 我觉得就值五星了 ,2
处女座真的很不错 焕英说我要是有女儿就应该健康快乐真的太好哭了 还有就是最后晓玲发现原来焕英知道一切 这个设定简直太棒了,2
"赢在真诚 单就搞小品的这么真诚拍电影打败好多职业电影人就值得五星 支持贾玲 影院要是不删减就更好了",2
看完再回味英子的视角 眼泪更是哗啦啦 ,2
影评大多是从孩子的角度做的评价 我说说当妈之后的感受吧 那天我刨腹产 我和孩子都是死里逃生 因为活下来了 所以直到今天去回想 都好像电视剧里的情节 没有实感 只在每次见到一个新的医生或者护士 被很多遍地说  你们真幸运啊 我见过好多同种状况下的孩子或妈妈就那样没了 的时候 才意识到自己真的是经历了很不得了的事情 可是你问我若重来一次 会放弃这个孩子吗 不会 也没什么理由 就是本能 而且真的是 不需要孩子出人头地 只要健康快乐就行了 因为健康快乐并不是件容易的事 有时是需要很大运气和努力的 而至于我的母亲呢 和贾玲一样 我能想到最好的回报也是 下辈子让她做我的女儿 让我好好爱她 其他的回报真的都太微不足道了 ,2
好笑又好哭 贾玲太棒了,2
贾玲第一次做导演 交上来一张非常不错的答卷 这个故事直击亲情 错位时空的处理也擅长喜剧类型的发挥 尤其是父亲形象的虚化更是侧重表现了女性生存现状 这是贾玲给自己母亲的一封情书 也希望所有女性都能自由勇敢做自己 另外 第一次当导演的贾玲大概下了很多功夫 几处镜头处理有经典日影内味了 ,2
妈坐在旁边 不敢哭出声 ,2
套路都懂 情节也猜到了 但是对于亲情就是毫无抵抗力,2
简单纯粹 在喧哗的春节档里显得格格不入又十分显眼 难得的是每个包袱都还不错 不油不尬不挠胳肢窝 唯有真情最动人 结构也很好 最后的大催泪弹节奏很精准 在观众要松一口气的时候突然推上去 哭得好爽 ,2
是我太敏感还是什么 我竟然解读出了父亲角色缺失 片子是感人的 只是这个转折有点快了 冷特的角色 甚至连工具人都没算上啊 玲儿加油 ,2
大年初一 早上9点50 一个人 影片结束飞奔出了影院 生怕让人看到我哭红的双眼 ps 全程笑了100多次 哭了十分钟 谢谢贾玲 ,2
本想四星 结局又搬回一星 英雄不问出处 ,2
可能是因为热度高 剧透比较多 看的时候并没有感觉很惊艳 不过里面的感情很真挚 ,2
结尾处理不错 相信影院很多人和我一样默默流泪了 ,2
好奇怪的体验 从来没有过的 看这个电影的时候 影厅里那些说小话儿的 评论的太大声的 没有引起我一丝反感 甚至感到 怎么形容呢 就是 那种很感谢大家跟我一起看这个电影的感觉  对 那个词是亲切 虽然一想就涌起哭意 但我是被治愈了 谢谢你 贾玲 ,2
张小斐为什么这么美   最后歌一响起来眼泪唰就下来了 一搜才知道歌也是她唱的,2
真是催泪炸弹以至于无法评价 我旁边一个男生哭的比我还厉害 贾玲很好真的很好 但一个健康的理念是社会不应该过分神化母亲 过分鼓吹与强调母亲的奉献与牺牲,2
穿越不是意外 而是与千万次的祈祷撞个满怀 离别不是空白 只是换另一种方式回到未来 无法执手那一段红毯 就任你安排疯狂的青春 难以出席这一场演出 就陪你谢幕荒诞的舞台 幸福不是更好的选择 而是自愿的奔赴 喜剧不是繁杂的堆砌 而是真诚的书写  最美的不是重回青春的艳阳天 而是渐渐为你变作中年妇女的屋檐 只是分明是两个人共同的心愿 为何要留一个人独自健康快乐的承诺 ,2
"距上一次电影院里面人山人海已是一年前的事了 有笑有泪有感触 这个票价值得  我宝 只愿你健健康康 开开心心的  ",2
带妈妈一起看的 妈妈也是国营厂的车工 也有一个老是爱喊她大名的女儿 反转后真的完全无法自控地哭得稀里哗啦 然后给妈妈递了一张纸巾 出来后妈妈说 是有点感动但没有哭 是你递给我纸巾我才想哭 贾玲处理细节蛮好的 各种喜剧桥段也很好笑23333,2
有瑕疵 但给我带来太多的共鸣和触动 是部成功的喜剧片和 东亚 家庭剧情片 手动4 5  部分紧抓瑕疵不放而完全忽视这部电影真挚的情感表达和娴熟的叙述手法的影评 如果是为了逃避电影的真挚 看来是爱刺痛了ta 如果是因为作为子女完全无法共情 那我猜ta成长中没有获得过中式父母牺牲般的养育之情 我祝福他们的自由 但也为他们惋惜 ,2
郭敬明开创了PPT电影 开心麻花开创了舞台剧电影 贾玲开创了小品电影 他们都是前途光明的人 ,0
把二十多分钟的小品拉长到两个小时 没有好导演和好剧本还是省省吧 ,0
贾玲昨晚的喜剧已经尴尬到我了  这个导演的电影真的更加尴尬  还是好好当个综艺咖吧 电影就算了 别伤害影迷的眼睛了 ,0
圆故事的方式太拙劣 谁说母亲的归宿只有牺牲自己成就别人 原版小品用三十分钟向我们展示了操劳一生的母亲年少时不被女儿所知的单纯和快乐 那是属于她自己的黄金年代 而电影用一百三十分钟向我们展示了母亲即便在弥留之际回到过去 依然一心只想陪女儿演戏让女儿开心 小品的哭点在于不舍与悔恨 电影的哭点在于崇高而伟大的母爱 不过如果贾玲能靠这片坐稳中国喜剧第一把交椅 再也不用跟沈腾陈赫这些老黄瓜合作 向我国油腻中年男导演看齐找一些脸蛋肉体都完美的年轻男演员搭戏 也算是功德一件 ,0
捞钱就捞钱 捆绑亲情 消费亲人 小品还不够 加长成电影 令人不齿 如果真的爱亲人 会拿出来消费么 不合情理,0
打着亲情牌圈钱  说难听就叫消费亲妈,0
张小斐还行 整体观感就像看现如今强迫你笑你哭的春晚小品 对不起我真的入不了戏 ,0
我不喜欢 我不觉得好笑 也不觉得感动,0
不想在大过年的接受情感强奸 ,0
贾玲你这样算不算恰烂钱 我就想问这个电影要干嘛 你要煽情没问题要找人客串没问题 要搞笑都没问题 可你什么都来一点 大杂糅无非就是要保证票房而已 ,0
2 5 穿越梗是人家三十多年前玩剩下的套路 拍得也很糟糕 导演问题  全程味同嚼蜡 直到最后那个反转 这是皮克斯式的情感 视角反转 参考瓦力 玩具3和Coco  学到了精髓而奏效 可惜又处理得过于繁重拖沓 当然电影之外的真情实感的确很动人 ,0
说实话吧 这要都算电影 电影的门槛是太低了点 ,0
第一次见卖惨卖到拿自己母亲去世赚钱的,0
歌颂母德 令人不适 如果一个创作者的私人情绪泛滥成灾 那么最终成品也只能是一个灾难 ,0
80年代性转夏洛一点不烦恼 从头到尾的无聊和尴尬 贾玲说说是讲述自己和妈妈的故事 其实真的和妈妈一点关系都没有 尤其是李焕应这个角色 就是一个工具人而已 一个小品撑长到电影长度已经很勉强了 结果还在小品里面套小品和段子就更让人难以忍受了 整个故事真的可以说一马平川 没有真正的人物矛盾 没有真正的情节波折 甚至 连整个故事的情感支点都是虚的 剧本的堆砌感实在是太强了 结构散得一塌糊涂 观众是真的好骗呀 ,0
笼统的看下豆瓣评分就去看了 真的很失望 感觉评分是刷的 不值票价和时间 贾玲值得尊敬 母爱更值得赞扬 但这种形式 就像小学的感恩大会 有一个人拼命的在台上讲 拿出各种故事拼命的渲染 好像不感动不哭就是不合适宜 ,0
太过个人化了 贾玲哭了太多 纪念自己的母亲没问题 但是拍成电影给观众看 能不能考虑下观众的感受 一味宣泄导演的个人情感 拍成家庭录像自己纪念不是更好 ,0
 观众已经笑得不行了 ,0
2021年了 还有电影的内核是 子女反哺父母 呢 女儿想给她母亲当妈 子女为父母的人生负责 孩子是造成父母人生不幸福的原因 那你们干脆别生好了 生孩子不是满足你们自己的繁殖欲吗 而让一个女人改变命运走向成功的方法就是嫁给那个将来会有钱的男人   EXCUSE ME   ,0
看电影最厌恶的就是电影里的人强行煽情哭了但是看的人很尴尬 喜剧部分也做得不怎么样 沈腾说是男一的戏份但是存在感比陈赫还弱 更看得人难受了 ,0
8分 是因为我没看过开心麻花 对这个体系的喜剧存在一些误会吗 我以为自己对贺岁片已经够宽容低期待了 唐探 飞驰人生 流浪地球 都是手松一松能给4星的贺岁片 但李焕英是真的不行 毫无新意 所有的场景台词都是能找到一百八十个前辈的陈词滥调 听听你妈年轻时候的故事都比买票跟着别人哭强啊 脱离不了屎尿屁和融梗的国产喜剧 太廉价 尊重贾玲的心意 但不认同这是一部值得夸赞至此的电影 ,0
现在的喜剧已经不是喜剧 都是让你一会笑一会哭的 pua套路,0
我讨厌煽情喜剧 即使再感人  流泪会有种被 打亲情牌 而被占便宜的感觉,0
毫无导演功底 唯一可说的是贾玲的真诚和张小斐奉献了一场优秀的表演 ,0
基本上和夏洛特烦恼一个套路 穿越过去弥补现实生活的遗憾 但剧本比不上夏洛打磨的千锤百炼 能看出贾玲对母亲的真挚感情 但不足以撑起一部电影的篇幅 ,0
我求求这群演员了 真不是是个人都能当导演,0
1 5 喜剧元素出众 笑点属上乘 靠细节抓住时代感 通过时代落差反过来促进笑点  自我记事以来 母亲就一直是一个中年妇女 但是我们却容易忘记她曾经也是一个花季少女  说得很好 可惜没有任何意义 在鸡汤里都算下流水平 电影很好地完成了风格的转变 至少效果是达到了的 电影院里前半段笑声不断 后半段鸦雀无声 真正地做到了 有笑有泪 喜剧的内核是悲剧 的大众低俗标准 可惜转场的生硬导致全片漏洞百出 然而这些都在观众的哽咽中抛在脑后 贾玲的确用心拍摄了这部电影 真情实感在影像的流动间溢出屏幕 对母爱的赞美让我们感同身受 很好地做到了共情 可惜这不是电影的评判标准  献给所有伟大的母亲  主题一下子升华 电影结束后观众的赞美声再次证明了煽情永远是电影最低级最取巧的表现手法 片中的母爱远没有达到伟大的地步,0
放在大过年 大年初一给老子哭    为什么喜剧一定要哭 不哭不行嘛  ,0
电影有一种聪明的真诚 可是这种真诚并不新鲜 每隔一长段时间 从让人疲惫的视效大片出来 你都能找到类似的感动 在国内电影市场上成为黑马 我们被这样的片子感动过太多次了 创作者不能老是这么拍电影 观众亦不能老是做煽情大保健   它起了一个坏示范 无法从沉湎于悲伤中 走向理智 走向探索生活本质 因而它用冗长的煽情 绕开了现实的复杂 在某种程度上 它绑架了大多数母亲 建立一种刻板的母亲形象 抹掉了母亲形象本身的丰富 也绑架了身为子女的观众   从技巧上 即使对比 相爱相亲 情节剧 它也缺乏力量 就更难对比类似 痛苦与荣耀 里母亲和子女作为独立个体相互平视的亲密关系 真的 我们不需要黏糊糊的中国式不分你我的亲情 我们不需要下跪父母 我们更需要在这种亲情中 走向人格的独立 人的平等和思想的升华 ,0
逻辑很差让人无法共情 前面笑料勉强可以 后面哭得可尴尬了 作为导演 她想导观众的是 看我都哭成这样了 你们快给我哭 ,0
自我安慰式小品,0
如此成功地调动了观众的情绪和心理 诠释了电影作为一个现实生活的宣泄口和安慰剂 在意识形态上功能可以多么强大 越是回到过去 我们离现实越远 实际上 你和你妈的矛盾 根本不是靠两个人重新选择可以解决的 而是靠你妈接受了你的平庸 达不到社会成功人士的标准 可是 有出息的标准是注定不会被质疑的 只恨发财买车没有早一点 让妈赶上享福 这难道不是一个成功人士对 失败者 的冷酷规训吗 最后 观众在愧疚 自责和遗憾中流下感动的泪水 可是 女性之不幸 原来终究是子女一代的错吗 社会变迁 家庭结构 隐没在母爱的伟大里 逃避了追问 我为这样地利用一个母亲而感到悲哀 因为她的不幸仍要在这个大地延续下去 在循环往复的过新年里被虚假地应付 实际上这不幸是永远过不去的 ,0
    最讨厌这种电影  ,0
春节档电影票价很贵 选来选去还是看了这部 倒不是喜欢沈腾和贾玲 而是抱着宣传的噱头 喜剧片才带着爸爸妈妈去看 看完之后只有一个感觉 喜剧片不是各位的噱头 特别是春节元旦这样的档期 还有希望各位对喜剧演员的包容度稍微减一减 沈腾贾玲尴尬至极 还有一个要命的陈赫    ,0
实际上三星都很勉强的  豆瓣分太高了8 2 好吧2星  没有任何创新 剧情拖沓 强行煽情  ,0
不知道有多尴尬 全程尬笑,0
看过这个小品 人都没换 变成电影了   作为骗钱贺岁档一点诚意都没有 史上最i差 看不下了  如果你看过贾玲的小品 看过这个的话 我不知道你什么心态 看什么不好看这个 实力劝退  嘴一句 是挺感人 但是我都说了 ,0
看完真是气死了 求求中国的导演了 拍喜剧就纯粹点吧 咱别煽情别拔高别搞低级催泪行吗 我花了比平时贵的票价是来寻开心的不是来哭的啊喂  本来前半部分还算是精致轻松的风格 后半部分就又往煽情的低级趣味上去了 对 亲情确实很容易感人很容易把观众弄哭 咱们能不能选个难点的level 把它拍成云淡风轻 春风化雨好不好  真TM妥妥春晚小品风 躲过了春晚 却没躲过这货 ,0
这片子好时机 能这么高分 只能说明人民群众的情感匮乏到什么程度了,0
注水严重 5分钟的小品拖沓到俩小时 感觉就是一大堆喜剧明星的拼盘电影 夏洛特烦恼 中国女排的升级版 最后强行煽情 不知所云 ,0
微博上发不出负面评论 怒打低分 浓缩成一出小品 或者 拍一个短片 也许会不错 作为一部电影 一塌糊涂 难过 ,0
好无聊好无聊 旁边的小朋友被无聊哭了 真的难看 不知道要讲什么 笑点还都很尬 贾玲演的这个人真的好奇怪 还一直愁眉苦脸的 她煎熬 我看她也煎熬 看在沈腾的份上两星吧 张小斐也还行,0
你左手喜茶右手爆米花 坐在万达厅里哭你妈 你哭你妈个B呀 我要是你妈活着也让你气死了 ,0
嗯 观众们对喜剧的包容度挺高的 小品版就没看出个所以然 ,0
陈赫的戏份太恶心了 和贾玲一起躲雨 陈赫和贾玲肥胖身躯挤来挤去恶心死我了 尴尬到我脚趾母都扣起了 ,0
所有不是沈腾主演却写他主演 预告片就减他出场的部分骗我去看的片子全部最低分,0
单纯对穿越梗感到反感与厌恶 ,0
mv级别的电影,0
谁不想去父母年轻的那个时候看看呢  老生常谈的故事 司空见惯的段落 有些笑点 有些泪点 但大部分是挺无趣的 放在春节档里 倒是有挺好的宣传口 带着父母等等 来吸引观众入场 ,0
1 道路千万条 安全第一条 各位上路一定要看路啊 2 感觉像是夏洛特烦恼的翻版 夏洛特毕竟第一次 还有点经验 这个   毕竟这年头穿越剧好多好多3 母爱太过沉重 看不下去 反正母爱伟大完事4 作为男的 看这片怎么老想着名词 丧偶式育儿    ,0
既没让我笑也没让我哭 每个 爆笑 段落都尬出天际 最后又来一个大型煽情 片尾曲第二首是啥玩意 第一次遇到这么赶客的片尾曲 还有那段女儿撮合妈妈相亲的戏 跟这个年代催婚的母亲们有啥区别 约等于把 时代倒退 几个字打在了大银幕上 唯一让我共情的点在于即使是有李焕英这么好的妈妈 做女儿的也一直一直在努力想让妈妈高兴 这说明大多数母亲都让孩子感到亏欠 而孩子却在无条件地爱她们  宁愿不出生 也希望妈妈能过得更幸福 ,0
过誉了真的   大概就是贾玲小品集锦 王牌对王牌煽情套路 ,0
30 100 俗套至极的剧作本就奠定了不佳的观感 而后大篇幅的自我感动更叫人尴尬得无地自容 也许贾玲真的把电影当作了小品 如乱炖的类型语气割裂了所有闪光点 却依然妄图用 真实事件 来掩盖除了俗套的情感升华什么也不会的事实 并且前者早已在矫揉的煽情桥段里被消弭得一干二净 在影院看纯粹浪费票钱 ,0
豆瓣也开始水了,0
贾玲边跑边哭的戏太尴尬了,0
宛如某晚小品 前面不管咋地最后反正都必须给你一个煽情 感觉前面拍那么多有的没的都是为了那个煽情结尾 可是你起码也把前面故事编圆了好吧 真要图个感动就拍最后十分钟足够了,0
不至于不至于 逻辑都没有 从电影层面来说问题太多,0
5分 低配版 夏洛特烦恼  二者相比 贾玲几乎没有拿 回到过去 这件事做文章的野心 更多的只是想写好这封弥补曾经遗憾的给妈妈的情书 它很走心 比去年的 囧妈 更适合讲母亲与下一代关系的这个议题 结尾也努力营造了上佳的催泪效果 但从电影这个维度来说 只靠最后那一重 立意很好但实际上与情节可以贴合得更好 的小反转 还是远远不够的 多1分给沈腾这回还算配得上男演员一番的戏份 ,0
这电影何德何能这么高的分 豆瓣真就是女拳大本营了呗,0
太刻意了 结构方面甚至可以说还是个小品,0
完全没有看下去的欲望  强行煽情最可耻,0
要是我就选择沈光林了,0
现在国内电影圈真的是什么阿猫啊狗都能当导演,0
大失望 甚至不如 乘风破浪  能把沈腾拍这么无聊的人还真少见 穿越喜剧本质上是时代和身份的错位 引发不同语境的碰撞和误解 从而制造幽默 最后再走向种种动人时刻 这个基本逻辑因节奏和时代元素老套的表达 在片中无数次断裂 继歌厅KTV后 女排 爆米花机成为新的怀旧标签被滥用 这两年已经看吐了 电视 球赛 影院 划船 演出等几乎每场戏的笑点设计都很平庸 又被拙劣的视听浪费了 以至最后的煽情完全无法达到扭转情绪击中心灵的效果 结尾转折可能是最巧思的部分 但显然没精彩到让人忍受前期漫长的无聊 我曾说过小品电影也会是种不错的路径 但影像小品可就过分了 本片有太多舞台小品的痕迹 不仅是因为从小品改编 也是因为导演跳不出小品思路 但艺术家的责任之一确是汲取自我生活的养分和疼痛并表达给世人 仅有此点值得肯定 ,0
电影前面搞笑挺好 贾玲沈腾在一起不说话都有有意思 但后面煽情我感觉有点尬 很明显你知道电影这块到了要哭的时候 也是我年岁大了 对煽情无感了 改分 wb被粉丝教育看不懂电影 电影拍出来是给人看的吧 用得着你来教我 我就不吃这种悲剧 逼人流泪就是好片 搞笑呢吧 ,0
一般 故事老套 范式表现 穿越梗用的生硬 复古情调模板痕迹严重 就像点了一键滤镜 观影全程很努力去感受了 但还是没法共鸣 贾玲哭戏那段彻底出戏 再没进去 衔接和感情比较突兀 隔靴搔痒没搔到痛处 ,0
当个小品五分当个电影您别了,0
私人情感浓度远大于电影本身的艺术表现力 德艺双馨的人民艺术家非得在春节档拉着全国人民陪着她一起纪念亡母 这点我是相当膈应 自编自导还自演 不像是一根会自我陶醉的走马灯么 情绪直给的背后依旧是那套百试百灵的商业喜剧算法 真没办法不怀念冯小刚的贺岁片时代 w zhouaijie,0
扮丑 消费肥胖女性 卖惨 消费母爱 看完简直得了生孩子恐惧症 全片看下来那真是三如全犯 你把道德光环加满也没用 ,0
得比唐3低两分,0
平凡的作品撑不起伟大的主题,0
實際上 這只是一個很感人的小品 我能感受到賈玲的那份誠心 但是離電影還是差遠了 不知道電影什麼時候也開始用背景虛化了 看著好難受 ,0
穿越实在烂大街了 再加什么花样也是烂大街 非要搞喜剧最后是悲剧那套 那干脆拍个正正经经的电影多好 喜剧元素剃掉不完了 演员实在太熟 跳脱不了以往的印象 剧情有的地方过于尴尬       整个片子就像一个个小品合起来的冰糖葫芦 但最后几个放的都是苦瓜 另外 平心而论 冲着前期的笑料 片子可以勉强给及格 但是 这个片子放春节档就离谱  贾玲最后几分钟就不停在哭 还要勾引你也跟着哭 大年初一的 看这玩意儿图的啥 像我这种母亲已经过世的更看不了这个 气,0
编剧到底参考了多少韩片 最后知道真相哭着跑的一段也很 开心家族  以及看完结尾想想前面 破绽多的都提剧本难为情 以及再说一遍 强行煽情不光荣 ,0
沒看過原來的小品 大概猜到了是給媽媽遲來的情書 但真的特煩這種以私人情感綁架觀眾的片子 說白了就是導演的自我感動 在小品中插穿越梗就很離譜 何況你才從天而降剛醒凳子都還沒坐上張嘴就來句 現在是哪一年 我就真的很想罵人了 小品梗都好過時很爛俗 張江的演員一張嘴真的很想讓他出門直走上春晚 大哥這不是你的舞台 最後日劇跑眼淚直掉強行煽情影廳裡前面笑得有大多聲的觀眾哭得就有多難過 我真的全程白眼 累了 一星給你媽吧 現實中的那位 ,0
实属不行  球球了 别在喜剧片里自我感动了  真的 连喜剧部分都做不好  沈腾给你你也不会用啊  而且这宣发真的不涉及欺骗观众么 搞得跟沈腾是主演似的 沈腾戏份还没陈赫多  ,0
从电影层面来说 这片子也就值两星 没有导演思维 没有剧作逻辑 甚至可以说不算个电影 但是它胜在真实的情感以及强大精准的催泪点 母爱的早逝  观众的情绪完全被这个带着走了 压根顾及不到其他方面 原以为豆瓣这里是最讲究逼格以及聚集了最多深度影迷 打分会比较讲究 然而从评分结果看 其实大多数人还是吃这种情绪大补汤 理性在感性面前啥也不是 希望以后不要招来大片模仿 这样的整体电影审美又下坡路了就 这样就比较可惜了 ,0
 电影水军骚扰 一星 没有最后二十分钟的话是个三星的加长版小品 但最后二十分钟让我很难受 这个难受同时来自我既是妈妈又是女儿的身份 子女感动的点在于母亲为自己无条件的付出和爱 但这种单方面的感受加入了很多想象 甚至有点自私 做为妈妈 我不认为爱是无私无条件的 也不觉得希望孩子出息或怎样是自然的 母亲不应该只因一种亲子关系歌颂 甚至父母的爱无需被歌颂 我们这种彼此期待又彼此憎恨和痛苦的家庭关系可以稍微松绑一点点 大家共同走了一段路 就轻松些吧 母亲不平凡也不伟大 卸除上价值吧 ,0
我是真的觉得小品何必变成电影呢 我朋友在我旁边哭的稀里哗啦我是感觉就是很平常的电影 个人觉得还没有 我才不要和你做朋友 感动,0
若要问 你好 李焕英 是 穿越剧 里的哪一种 我会答 是最简单粗暴的那一种 从电影角度来讲 这几乎是一把必输的烂牌 但贾玲的这套 愧疚 组合拳打得又准又狠  完全命中华夏儿女的泪腺和痛点 以至于 无论是投在 春节档 这个没有硝烟的战场上 还是扔到 女欲养而亲不待 这个语境下 都是 王炸 效果 我们随着这位 不成材 的女儿以脱离科学轨道的意淫大法绕了一大圈 最终发现 导演是在借能造梦的时光机分享了一个注定会碎的梦 如何与注定要 嫁人 的妈妈告别呢 答案想必是 一千个观众会有一千种方式 从 天要下雨 的角度来看 一个 亿万富翁 的私事儿就这样顺其自然地成了大家的私事儿 试问 面对父母的养育之恩谁不是带着亏欠的呢 面对这笔根本无法还清的债 希望我们不是只有 以泪洗面 后 掏钱买单 这一种补偿方式 ,0
一度非常出戏摸不着边 全靠最后的标准程序式煽情告白拉回 哪怕贺岁档也请主创走点心吧 当然母亲最真挚也最朴素的愿望是希望下一代健健康康开开心心是没错,0
不好看 好尴尬喜剧   ,0
十三年后重回明珠影剧院千人厅 无秩序等待进场的人潮 单双号分门 硬质座椅 玩手机聊天接电话的观众 小孩大叫 铃声作响 好似一切都没变 电影难看到像是那几年我们一起看的贺岁片 周围人该笑的时候笑 该哭的时候哭 真叫我感动 ,0
放过喜剧吧 真的厌恶了强行煽情升华硬灌毒鸡汤非把观众 感动  膈应 哭不可的 喜剧  又不是聊斋 整什么 笑中也有泪乐中也有哀  近几年甭管相声小品电影通通都是这个套路 想无脑哈哈哈咋就那么难捏 ,0
贾玲这个片子在春节档其实还蛮能引起中老年观众的共鸣的 我妈就抢着要看这个片子 食堂 电视机 工厂这些元素都是他们记忆里元素 也能理解贾玲对于她母亲的情感 但是这个片子实在是有点无趣 ,0
就这样吧 没get到泪点 贾玲的哭让我出戏了,0
两星半 合格的处女作 有笑有泪 但整体冗长单薄 属于90分的想法 60分的呈现 全片最好的片段就是片头 酒席的表演节奏 分镜设计 行云流水 1小时以后突然疲软 完全可以剪掉很多不必要的升格回闪 观众有脑子 能自己看明白 真不需要每一步都回闪提示 最后的反转就是强行反转 反转不是一个混剪回闪就完事儿了的 前面草蛇灰线了吗 有表演细节吗 没有呼应的反转就是耍流氓 最后 张小斐没有赋予李焕英血肉 张小斐还是张小斐 如果换一个有演技能支撑的人来演 我愿意给三星半 ,0
贾玲自我感动行 想推己及人 这么简单生硬可还行 陈赫可太油腻了 受不了 ,0
电影小品化 情节段子化 还是在用舞台的思维做导演 故事发生地被设置在湖北襄樊 车牌鄂F  一众主配角却说着一水儿的东北话 全片不仅充斥着对80年代流行文化符号式的幼稚想象 各种时代金曲的滥用可能让贾樟柯也有点望尘莫及 矫情伪饰的风格或许正好和 乘风破浪  老师好 等烂片组成 梦回80年代浪漫宇宙  把所有的情感落点都集中在最后十分钟 试图用饱和的催泪桥段挽救强设定的穿越烂梗 但一切表演却在结尾两张黑白照片的衬托下显得那么的虚妄 ,0
贾玲演得有点尬 不过李焕英可真漂亮,0
前半截是个二流小品  后半截走 艺术人生 煽情流  好好演小品 搞百变大咖秀 不好嘛  五十二一张票我干点啥不好  为贾玲挺尴尬的 ,0
两星给结局 前面太垃圾,0
我大过年的去电影院哭 ,0
基于大众情绪底线创作 且动机和立场并无不可的作品 缺少的是成熟的技术 技术重要吗 脱离了情绪上的感染力似乎无足轻重 但技术真的不重要吗 没有技术辅助 一味动用本能的表达就会变得庸俗而空洞 其实看完以后我并不反感这部电影 甚至也没觉得相较 夏洛特烦恼  它有所谓的毁三观 如果你觉得我是在瞎矫情 请反思一下 冷特 这个角色的故事线  尽管 他是个 可有可无 的支线角色 我始终相信 电影仍旧是一个有门槛的行业 而不是贩卖共情的菜市场 表现亲人离世的哀伤 不一定要用这么稚嫩的方式 毕竟 哭泣 只是悲伤的一种 另外吐个槽 刚开始以为纨绔子弟那个梗吐槽的是装逼 但她妈也那么说 我发现是真的都没啥文化  ,0
悲剧 喜剧 贾玲母亲好可怜啊 消费了这么多年,0
这是演什么鬼,0
不好看  10086,0
抱歉 一部喜剧电影 基本笑不出来 实在没办法给高分 两位男演员 一位的角色莫名其妙毫无作用 另一位都这模样了还演厂长儿子呢 小品式电影 各种拼凑 小品更合适 本身也出色太多 ,0
有陈赫 真不行,0
笑点还行 剧情逻辑很一般 大型小品 ,0
少林足球变中国女排 最终仅化为 相亲厂长儿子 的激励事件 留之事倍功半 弃之笑料不够 玲为妈好的战略的合法性始终未解释 跟了沈光林  就没我啥事了  角色却并未因此纠结 本来该幕的功能是 攀官二代还是顺从本心 究竟谁为正道 影响几何 既可深入了解母亲少女时代 亦可弘扬正能量 但因沈腾太出色 此价值被掩埋后转移 突然冒出来秘密情人 完全颠覆之前玲的主动性的价值铺设 导致焕英的改变 省悟 跟玲的闯入完全无关 正因为玲的穿越为妈好的策略的合法性和效用完全没扯清 或者说 在穿越里为妈好本身就是幻象且虚伪 跟死后哭孝一个性质  才将价值转移为 妈懂女儿的为妈好即为好 陪你玩一场游戏  实质是 对如何讲述一个普通的失意的对家人有愧的人的人性闪光点束手无策 比如 考上省艺校 顶个球用 ,0
厄长 刻意 逻辑不通 有钱了阿猫阿狗都能当导演了 ,0
这特么不比 唐探3 还难看啊  动情的友邻真心推荐原小品 你好 李焕英  当年确实让我稀里哗啦 小品有四两拨千斤的力量 电影则笨拙无比 诚然可能面对同样的故事 贾玲的情感当然还是无比真诚的 但她真完全不知道如何在电影表达 全片都充满蹩脚的尴尬 ,0
感觉一般般,0
还有能说道的地方在于它向我们展示了在无数催泪作品中都存在的关于 爱 的淫荡结构 催泪的原因   作为窥视者的全能终究在其发生阶段就暴露 包裹 于母系他者的觉察之下 导致这种全能感的回溯性丧失和主体的回溯性被觉察 它召回了我们自身的某种 崇高 排泄物   我们把自身的脏东西献给了积极配合的 神  就像中学语文课本里的那句箴言  天下最幸福的事情就是不知道自己偷偷做的好事 早被人看在眼里  这也就是为什么这部片子成功利用母亲超我向大众传递了新保守主义的价值信念 如果说改革开放以来 现代化making的原子主体迫切寻求某种倚靠 那么回归 始发纽带 便成了这样一种淫荡增补 我们都想在唤回一个 家庭 中的主人 在物质时空上指向改革开放初期的无穷可能性 在伦理上指向包容 吞没我的母亲 对前俄狄浦斯的倒错,0
太尬了 比春晚小品还尬,0
真有够尴尬的   ,0
太尬了 哪里好笑 哪里好哭 啥也不是,0
异命题的三观正确的 夏洛特烦恼  创作者的出发点是好的 但艺术风格和视听语言只停留在中学生命题作文水平 如果说喜剧只做到有笑有泪就可以 那么市场上充斥着的全部是煽情机器  这也正是电影后半段的真实情况 设若不去打磨戏剧结构 凝练主题思想 再多的情绪堆积都是银幕上的精神鸦片和消费快餐 ,0
花100块去看贾玲怀念她妈 我还不如花100块请我妈吃顿饭  ,0
没有很搞笑 也没有很感人,0
喜剧小品 煽情mv 根本没有电影感 一如开心麻花的舞台剧 笑点很多但是大部分很尴尬 制片人看到了小品竟有如此巨大的市场潜力 以后估计会有更多小品被搬上大荧幕了 ,0
1又是一部回归到老掉牙的话题  导演门槛到底有多低  2小品集合 段子拼贴 加长版电视剧 电影学院学生习作 把影片切断成一个个的单独的段子梗 你会发现理解起来完全没有困难 3最后的所谓翻转 赞同陀姐说的 是对皮克斯的一次拙劣模仿 ,0
会叫的母鸡来演戏 得了吧 ,0
沈腾加一星 大张伟片尾曲加一星 with yy,0
目前看来  中国人不需要电影滋润 小品就够了,0
春节档片子品质实在太低了 这部怀念妈妈的电影竟然能到8 3分 春节档的品质和高昂的票价 在家看看经典影片更值得  主线故事的叙述很不清晰 很多场景都是小品 如果删除对故事没有任何影响 笑点和泪点都比较刻意 打排球的特效很劣质 ,0
实在不知道如何看待这种粗糙的表达 感觉过于依赖硬设定了 一旦稍有偏移整座大厦就会轰然倒塌 贾玲没有为自己的眼泪留下任何余地 自然也意味着李焕英很难能有别的选择 为什么要给黑白影像上色 就为了最后那个美丽而虚假的特效夕阳吗 就为了给 母亲 打上圣光 最后与 母亲 相认了又如何呢 当 父亲 和 80年代 一并成为可更替的背景板 这一切都是架空世界的凌空舞蹈 它其实更像是拍给姐妹的电影 而非母亲 ,0
这不是情人节圣诞节专供穿越爱情片的变体  穿越亲情片么 精准投喂春节档受众 现在的口 评 碑 分 和票房逆袭势头确如magasa所言它接过了春晚没能再承担起的 国民情绪消费 功能 万幸没跟我妈一起看 哭吧略显尴尬不哭吧显得冷血 万一片尾一行字幕 请拥抱你身边的母亲 更社死了 但其实也有好的地方 女性电影人没有油腻屎尿屁笑点也没有直男癌荤段子 更没有拿女性容貌身材开玩笑  卢米埃芳草地,0
有点老套 又是穿越梗,0
李焕英影评 我觉得营销过头了 我是抱着看最佳电影的期待去的 网上营销说别画眼妆 记得带纸巾 我还跑去买了包纸巾 结果整部电影看完愣是没用上 片头抄袭广东学生伪造录入通知书家长喊亲朋好友庆祝结果露馅的故事 中间强行尬穿越 结尾强行尬催泪 非常失败 还最贵电影票  给两  星半吧 豆瓣最终能有5分就不错了 跟刺杀小说家不相上下 还没有重返十八岁好看 春节看了四部 三部扑街 就侍神令还行 刘德华人潮我也不打算去看了  就酱 ,0
这个片子是不错的喜剧 结尾的反转也能催泪 可是它第一不值这么高的分 第二不值这么贵的票价 这就是典型的割韭菜 都这样拍电影 以后中国电影真没戏了 唐探3的确有自己的问题 但是制作团队真的是很卖力的在拍电影  李焕英 就把小品注上水 就把钱骗走了 买票看的 真的是交了智商税 ,0
就这破电影 一堆人哭的稀里哗啦 还觉得自己倍有欣赏能力 还觉得自己共情 打个三分不吹不黑 但硬要把他推上45分我就不敢苟同了  摊手 打个两星凭着我的权重把分拉下来   我又回来了 改一星了 什么鬼剧情什么烂演技 这玩意有脸刷8分     恰烂钱     来杠我 三无小号尽管来杠 ,0
说实话如果没有贾玲对母亲的怀念这块 我会更加讨厌这部强行煽情又无法共情的 电影  ,0
两星给比想象中好的完整性和情节设置 这的确是女性拍女性的作品 但内容跟女性没有半点关系 拍母亲的题材完全可以拍得更深入 可以融入更多的时代 家庭元素来勾勒母职角色的社会处境 但这部电影仅仅止步于 妈妈再爱我一次  也就只能是个贺岁档合家欢无脑片了 ,0
满眼鸡贼和猥琐你们看不到吗 ,0
把人看哭了就等于好电影 我觉得只是大型情感演讲强行煽情强奸现场 八分电影门槛也太低了吧  剧情牵强 动机不明 bug很多就不说了 毕竟编剧能力有限 最起码电影节奏和小品节奏是不一样的吧 多少次被尬的坐立难安想离席 30亿票房 只能说明市场驱使大多数人没有审美品味 再也不看贺岁片了  ,0
站着怀念 顺道把钱挣了 自编自导自演 zg又出来个天才导演 一鸣惊人 回头一看评分8 3 我吐了真的,0
沈光林 站起来 贾晓玲 还我票钱,0
中国电影电视编剧 除了用穿越带来的天然认知优越 还有其他办法产生创意 让主角差异化 让观众爽到吗 ,0
可能是宣传导致期待值太高了 看完很失望 整部电影给我的感觉就是粗糙版的 夏洛特烦恼   重返二十岁   我和我的祖国  在妈妈说那句 我觉得我这辈子过得特别幸福 怎么就不相信我呢 的时候 后面的 反转 剧情差不多就猜到了 整体的原创性不高 前半段笑点也很尴尬 过于直白外放 剧情设置也有点生硬 部分画面甚至有些恐怖诡异 ,0
选角 剧情 剪辑 节奏都有问题 让人完全没有代入感 原谅我这么有批判性 但我真的觉得像是生搬硬套的作品 故事立意很好 但让我时时都跳戏 那也是够厉害了,0
无法代入,0
如果只谈 感人 而不去谈电影本身 那你天天可以去给新闻打五星 再感人的都有 电影本身无论是剧情推动 还是转场设计都烂得一批 因为导演本身没有能力 对了 这电影对我来说并不感人,0
这8 3真的离谱了 按摩椅按了60分钟都不能缓解我的乏味 但论尬还是比不过 小红花  倒是煽情的不知道贾玲在哭还是笑 概念老套 情景塑料 笑点勉强 明明要避雨 电影院就在门后 还得俩人挤着缝演韩剧 不说年代特效 非得80年代就女排 来来去去这几个年代指定精神看烦了 不如 妈妈再爱我一次 吧 ,0
我全程无动于衷 旁边两个大妈也没啥反应 倒是听到前排年轻人抽泣 能感受到贾玲用心 真诚 但感人的是母亲本身 而不是电影 这种煽情porn真的对观众的成长没啥好处 中国母亲已经很苦了 虽然她们自己并不觉得  牺牲自我 为了孩子 绝不叫苦 仿佛是中国一代代母亲摘不掉的标签 这些形容词已经常常让人们忘了母亲首先是一个人 真的很希望电影作为一种媒介 能够引导我们走出这种传统的畸形的亲子关系 ,0
2 5 反转加半星 孩童时期的哭唤与妈妈爽朗的笑声交替略戳泪点 除此之外都很平庸 本该擅长的喜剧部分有点失望 不影响对贾玲本人的喜欢,0
评分刷的吧 就这也能8分以上 ,0
简单说 不是陪父母的话 我肯定不会花俩个小时几百块看这么个玩意 这次也让迟钝的我发现 大过年  来都来了 这两个词如此适合春节档 与其说大家看的是电影 不如说是借电影院来联络感情 感受 年味  质量如何并不重要 对味就行   所以陈思诚能成为导演票房第一人 所以沈腾贾玲终将成为春节的老面孔 无论是影院还是春晚    虽然合家欢是个伪命题 小孩子在闹 情侣在聊 父母在笑 我在熬 但毕竟大过年的 来都来了        有句题外话 片子里沈腾增肥后的那个歪头镜头 剃成光头简直就是徐峥本峥     He tui ,0
喜欢贾玲 但是电影导的真不行  拥有所有烂片的共同点 故事的推动没有核心逻辑 纯粹的段子拼凑 段子还都俗套的要命 最后还要强行煽情 贾玲的演技也崩了 ,0
这就是导演只拍给自己妈妈电影  而不是献给所有妈妈的电影  你懂我意思吧  全片0共鸣  更别说泪点了  6 5分   但是如果我事前知道是双穿越设定  结合剧情  不及格分,0
剧情非常不合理 同样的套路故事讲的还不如 我才不要和你做朋友呢  整个电影爸爸的存在就是屁吗 所有要找家长的事情都是妈妈去 孩子所有事情都是找妈妈 爸爸就是谢师宴出现了一个喝酒的背影 谢师宴回家都是妈妈骑车带孩子 没必要为了突出母爱 搞成丧偶式育儿吧 孩子高中都毕业了 做假证 不违法吗 这样的溺爱式教育不失败吗 为了搞笑而搞笑为了煽情而煽情 贾玲虽然很可爱 但是演高中生 跟章子怡演上阳赋少女不是一回事吗 两分不能更多了 尴尬症我都犯了 ,0
2021 02 21   一星半   没人会不喜欢贾玲 更没人会忍心对她这个半路出家的导演拍一部追忆亡母的处女作苛求太多 贾玲戏中几次对母亲的哭泣 让人想起她现实中的经历 都会共情 同掬一把泪 但谁会为喜剧作品里再一次充当工具人的残疾人共情呢 这部作品本身几无技巧 结构不合理 剧情多处注水 最最打动人的就是一个 情 字 可我总想起总想起那年复一年被春晚取笑支配的恐惧 这些年接触视障听障群体更多 更深地体会到他们在这个信息世界的痛苦 真的伤心 是那个情商最高最乐呵的 小胖丫头 惟妙惟肖地在大银幕重现了这个梗 ,0
dogshit,0
可能期待的确被票房和豆瓣评分抬高了一些 但是   我真的在大部分观影时间都感觉到了无聊并不推荐怀着类似期待 比如这是个合家欢的 能让你笑中带泪的合格电影 的人去影院看 哪怕我也哭了 那句精准戳中所有人的 妈妈只在乎 希望   和那个 宝儿  这个细节赞 但这种真正有生活质感的细节在片子里一只手数得过来  我也觉得要支持有诚意的原创电影 但本片不值得作为20亿  我觉得10亿都多 票房的典范 ,0
不能忍,0
  就这剧情你上了几天的热搜    我真的觉得挺浪费感情的,0
三分怀念母亲 七分为了捞钱 贾玲非常聪明 疫情一年多了今年很多人又无法回家 亲情牌非常奏效 一下子成为最高票房导演女导演 名利双收  可以预见的是 沈腾马上也要当导演了 ,0
得 今年春晚没看 这部超长版小品找补回来了 前面搞笑老套 没笑  后面强行煽情 没哭   有了贾玲的这份孝心 她的妈妈一定会倍感欣慰 ,0
反向爽片 當然會哭 你用風油精塗眼睛一樣會哭 那是本能 ,0
天要下雨 娘要嫁人 这种话我真是在电影院极度难受 而且贾玲想让她妈过得更好只局限于让她嫁得更好 这可不就是最可悲的吗 还有啊 跟猪头三结婚 还妄想生洋娃娃  至于你妈生的是不是你会不会更幸福的讨论 你妈的一生不局限于结婚生子才是最幸福的哈 别再纠结了 人都不是自己被选择生下来的 自寻烦恼恶心人 口区,0
不管多真诚多搞笑 本质上还是一个小品 把它当电影看 评分真的虚高了 平衡一下 不想再看贾玲嗷嗷大哭 这种煽情太过廉价 宁肯再看沈腾摔几个跟头 ,0
看完我只能说中国的电影业没救了  ,0
三观特别不正 极度势利眼和品格恶略 不过倒是很符合现代人的思想境界 母女关系在我看来也很不利于心理健康 太多负累 牵绊和捆绑 中国人都有点吧 我们应该活出独立的人格 个人为个人的快乐负责 而不应该责备自己 充满愧疚的负能量 哎 大家都说很感动 我却看得很担忧 为国人的捆绑式的亲子关系担忧 何时能获得轻松的人生潇潇洒洒活一场呢 ,0
前面还行吧 但也比较像搞笑小品 后面强行煽情太无语,0
两分 给我看笑了,0
某种角度特别厌恶  真诚 赞叹的基底是观者的虚伪 和唐探3共同构成城市化青年取代小镇青年的注解  小品感 源自演员尤其是贾玲的姿态 相较之下张小斐犹如活动的木偶直到结尾才获得灵魂 但这都没有关系  我 对李焕英的投注便足以支撑最后她的目光 某种直白勇敢的坚持,0
大年初一 和长辈一起看一部温情的小品电影 ,0
真没想到能在我的友邻收获8分平均分 在我看来 完完全全是一部不及格的 电影  甚至不能称为一个及格的 故事  因为根本没有好好讲故事 前后都圆不了 连 穿越 的方式也特别敷衍 简直比 时光倒流七十年 更敷衍 我觉得我是一个很容易被感动的人 也是一个更容易被亲情煽出泪水的人 可是这一次我都没有哭出来 真的并不是说主旨赛高 如果技术跟不上 主旨就是一种投机取巧 而这部电影 就是投机取巧的典范 真的不是谁都能当导演 ,0
豆瓣评分越来越水了,0
不跟风炒作 没看过就知道 ,0
建议以后凡是沈腾参演的电影都要标注参演分钟数 做个cut最好,0
由于网络抖音的流行 再好的梗都似曾相识 笑不出来不是李焕英的问题 欲哭却没哭出来 所以我感受一般,0
你妈看肯定觉得莫名其妙,0
这也太会绑架观众了 比唐探还商业 这样的成绩 对认真做电影的人来说是一种侮辱 ,0
这个反转也太没劲了,0
诚然 这是目前我春节档看的唯一的一部电影 其实都不好说这是一部电影 实景拍摄得太劣质 比如冷特 陈赫 是一个没头没尾的角色 煽情手法确实很到位 慢镜头加感性的音乐就是奔着要哭倒一大片 有些地方的包袱抖得还行 ,0
dongbaby sae jin di yin  me sa du yi si,0
并没有太出彩 故事安排比较俗套 欧美韩已经用烂的亲情穿越时空 骗春节泪点喽 我告诉你们真相 如果你穿越到1981年 会随时被抓起来 那个刚改革开放时代凭空出来一个没有户口没有单位的人 都是抓捕对象 没有粮食配额会饿死,0
中国导演的门槛真是低 是个人都能也敢上来当导演 俗不可耐的剧情加小品段子也能40亿 ,0
糟糕的电影 太讨厌这样一上来就用穿越来讲故事 ,0
话说在前头 贾玲是真诚地纪念亲情这一点可以理解 也寄托了很多个人感情 能看出来 而我也不是什么对家的水军 但 这能算电影吗 撑死就是个小品集加PPT回忆录 剧情就是一块一块割裂地丢出来 仿佛在说给我笑给我乐起来 陈赫这角色有什么意思 一会打球一会相亲一会文艺演出 想到一茬是一茬的感觉 最后播个背景音乐就开始奔跑哭泣回忆了 这也太简陋了吧  国产片继 工业糖精 之后又开发了 工业洋葱  尽情挥霍在各类亲情爱情电影当中 播几首插曲 雨中奔跑 主角就开始走马灯式回忆 再来几句悔不当初 来回几遍电影也就完了  这还能算电影吗 ,0
喜剧小品时长增加了 拍成了电影  没什么好看的 就是小品一样 前边狗血桥段 最后升华一下 还不是和上春晚过审的小品一个样吗 ,0
这能叫电影        ,0
喜剧部分挺招笑 乐得不行 但那些开始上价值的部分 让我有点坐立不安 感觉当一个中国人的孩子 太惨了 如果不能满足父母的期望 自己连存在的价值都没有了 ,0
这种东西从来没打动过我 因为不真实 真的重来一遍人生的话 你愿意一模一样的走遍老路吗 甭杜撰死人的心思 她要是真的在天有灵也会告诉你两个字 扯淡 ,0
本质上仍然是一出小品 挺糟糕的  但完全能理解大家觉得又好笑又好哭的点 也比开心麻花稍微顺眼些 ,0
你们根本不懂电影 ,0
除了溢出屏幕的真诚和结尾的反转 其他仍是一锅粥   这分真的高得离谱,0
抵触 尽管片中的母女都不是典型的中国式母女 但主线的逻辑依旧呈现出特色绑架式亲情 贾玲对母亲的亏欠感来自主流叙事中的升学升职生孩子子辈叙事 母亲从片中来看确实没有什么过错 可是这样的母亲真的是大多数吗  更真实的情况应该是 父亲在育儿过程中的缺席加重母亲的压力 加之主流叙事对育儿目标的绑架 触发母子代际间的矛盾 母亲确实是付出了而且辛苦 但子辈也失去了成长的自主权 陷入了一种两难的矛盾 而父亲被完全隔离在这个过程之外   这个片里还有另一个父辈子辈的支线 就是沈腾跟他父亲的故事线 然而沈腾登上舞台看到父亲离场才敢放心演出 达成自我 是超越父辈的表现 然而片中贾玲却一直在要求自我satisfy母亲 或者说臆想中的主流父辈期待  还蛮有意思的 ,0
The comedy part is good  The last 20 minutes are redundant  resulting in a disposable plot and inconsistent style ,0
这种电影都能8分 还有没有王法 我是专门拉低分的 ,0
原来是妈妈陪着孩子在没有缺憾的世界演了一出完满的戏 妈妈知道孩子想让自己开心 妈妈也不想让自己的孩子失望 母爱的伟大从来都不会限制于生命和时间 那开口一声 宝 是全片最让我感动的地方 思绪一下被拉回妈妈还能抱得动我的年纪  有些笑点比较尴尬 跟唐探来说互有攻守吧 后二十分钟的亲情戏确实很难再让批评言论有力发声 看得出全篇感情都非常真挚展示非常卖力 但很残酷的是艺术创作从来都不是一个投入产出成正比的东西 就像一个坚信勤能补拙的学生 考卷没办法只因为你的努力就给你打出高分 通过这部电影 贾玲对于母亲的爱与回忆使人人共情 但她作为电影创作者的路还有很长很长要走 ,0
虽然我泪点低但是真特别讨厌这种强行煽情的感觉     还有很多梗让人觉得莫名其妙   ,0
撑死了也就是几个小品段子拼接的电影 人物刻画只停留在小品层面 ,0
1 8 5 0  疑惑创作者是否真的领略过内核的力量 不然为何匹配如此愚蠢的喜剧结构 让人物的情态间充满不可信 而整体重要的 反转 又在此基础上另铺开一层虚假 生成非常扭曲的意志 观众的情绪 到底有多少来自条件反射 多少是基于分析,0
真的无聊至极 要说是贺岁片压根算不上 所以我觉得票房为何这么高 煽情的地方尴尬的发指 我特么看微博真实的感人故事不比她强 最后还弄一出李换英真实写照 生怕人家不知道是真实故事 我重新看一遍何以为家都比她强100倍 ,0
套路很老 只是煽情 电影节奏混乱 剪辑太过业余 前三分之二根本不知道主线是什么 排球赛强调太过 所谓春节档贺岁片就是过了初五以后再看就是垃圾的电影 贾玲这部电影的现象级效果 一是因为春节电影保护月 二是因为疫情人们心理的普遍应激创伤反应,0
非常一般 不值得看,0
都吹上天了 其实  平淡无奇,0
这都能8分 服了,0
垃圾片 也不知道为什么评分8分以上 都缺少母爱吗 有54元的票钱 孝敬自己的母亲不好吗 ,0
今天上班跟同事讨论才想起自己还没有来豆瓣评价一下 可能我们都是一群自小到大跟爸爸妈妈就相对少隔阂的人 所以其实并没有觉得默默付出的感情有多感动吧 反而觉得牵强了  回到电影本身 拍摄手法很单一 然后笑点也很莫名其妙 其实也有点像是拼凑的剧情一样 甚至有些是断的 贾玲后面一边跑一边哭 我听着就像笑一样 所以导致我好几次忍不住想笑 但是全场那么安静 我觉得自己要笑出来感觉太突兀了 终究是忍住了 个人觉得并不适合放在春节档吧 ,0
没有想象的那么好看 贾玲全程表演都特别尬 电影的逻辑也有问题 唰唰唰几分钟就能解决所有人的问题 结尾的煽情部分也很突然 反正煽不动我的情 一颗星给场面的布置和还原 一颗星给贾玲 毕竟都是湖北人 ,0
两星半 看起来很尴尬 ,0
没什么太大感觉 喜的时候没太高兴 悲的时候又没太伤感 我看的片子太多了冷漠了么 不清楚 两星为了拉回虚高水分,0
2  5 唐探怎么会比这个低出2分去啊 无论是剧情 台词 还是镜头 都是新手导演的水平 拍亲妈搞煽情当然能赚眼泪了 但凭着个就能高出2分 这还是豆瓣  PS  我妈说今年这两部都拉跨 比不得早年的 过年 ,0
挠 就硬挠 ,0
她拍了一部自己的妈妈故事 依旧贯穿她的小品风格 结果导向的煽情 没有过程 没有细节 迎合刻意还有些谄媚 作为电影 很没有诚意了 最后的哭戏就是失控了 也出戏了 那个时候看的已经不是故事 而是被贾玲想她母亲的情绪渲染 也是这个时候 越发不知道自己在看什么 这是一部脱离好演技好剧本和艺术创作的商业电影 电影小品 还赶上了闷得慌的春节 每个妈妈都有自己的故事 但在贾玲的故事里 她是主角 妈妈才是配角 母亲作为女性的力量没有看出 对于人生的抉择也是女儿想当然地理解 就很符合普世价值观就对了 妈妈想什么 人生到底是怎么样的 不重要 女儿感动就对了 所以最后的双穿越在这里显得是在补拙 所以现在的喜剧人是和穿越杠上了是吧 其实这几年故事小品拍来拍去都差不多 以及这片太像某部电视剧了 ,0
这不叫电影 这是小品 首先是逻辑与三观问题 以下涉及剧透 请慎重   一个女人 她妈嫌弃她一无所成 她穿越到过去 觉得她一无所成是因为她妈没嫁对人 要给她妈换个老公 硬把一X二代和她妈弄一起 观众朋友们 你如果把李焕英换成个男的 生的娃不好是因为没娶对老婆 把贾小玲换成个儿子 儿子觉得自己不行是妈不行 穿越回去给他爹换个老婆 就问问大家 你看完会不会骂人  我觉得你会 这里面何其无辜的是贾玲她爸 这么被嘲讽 也不知道这个女儿到底是怎么想的 其次 从手法上来说 这不能称之为一部电影 这是个小品 搬进影院的小品,0
本以为是矮子里面的将军结果发现也是个矮子  笑点是普通小品级的浅显笑点 泪点的部分就是想要按着观众的头说 你快给我哭  这不是所谓的喜剧的内核是悲剧 而是完全割裂开来的笑和哭  让人真正体会到了剧中人物的悲欢而为之感动 和 你不知道吧 不知道那我来告诉你 你妈是最爱你的人  高下立判不  剧情方面更是久违地感受到了尴尬到脚趾抓地 ,0
和给 摔跤吧爸爸 低分的原因类似 都是我个人的情感缺陷 我不喜欢强迫女儿的父亲 也不喜欢总拿生养恩情说事的母爱 当反转的那刻 母爱再一次胜过了女儿的付出 他们都感动着母女关系的温情 只有我觉得恩情又难还了一些 我承认母爱是伟大的 我的母亲也是辛苦而伟大的女性 母亲对子女的爱那么沉重而无私 以至于非得回报些什么才好 我其实也一直想 我要是没有出生那该多好啊 我妈要是没有嫁给我爸那该多好啊 我真的 好想要改变我妈的后半生 ,0
抱着看个小品的心态去电影院 还是被这两小时的小品串烧 结尾煽情给雷了一脸 不给1星是因为这片的情感还是真挚的 不同于大鹏那种把亲情商品化的觉悟 贾玲这种比较纯粹的追忆我也没法黑 不过还是得说一句              这片真鸡巴烂,0
演技都在线 也看到了贾玲爱妈妈的心 但作为电影不合格  像小品的拼凑,0
是不是以后国产喜剧都会是这种小品式的 段子拼盘集锦 ,0
电视剧的拍法 简单 潦草 最后硬煽情 ,0
5 10 几位演员的表演很真诚 然而现在还在利用穿越梗实在显得老套 并且整个电影还是小品式的 包括每一幕的笑料包袱 亲情固然感人 但故事不足以撑起整部电影 ,0
这片居然超过8分 是欠自己妈的吗 前面乐呵倒是挺乐呵 但这叫电影 最后所谓反转强势煽情 我理解了有人说和母亲一起看到此处的尴尬 讲真 我没被电影中的任何一滴泪水尤其是贾玲的眼泪打动 只能说有些事情有些感情或者价值观念示与他人 旁人除了尴尬也不好说啥 还是自己个儿收藏吧 ,0
这是一次小品剧的无底线的尝试,0
真的不咋地 一堆生拼硬凑的包袱 到沈腾上台表演到达顶峰 主线不够全在那拖 穿越也太硬了完全没有任何逻辑可言 最后揭开真相台词很感人但是我个人认为这些仅仅处于idea阶段 加上音乐来一套煽情确实能冲击到很多人的情绪包括我自己眼泪哗哗的 不过这一切没有扎实的剧本做支撑就很难说是一个电影 ,0
好的导演 我讲好故事 哭笑是观众的事  2B导演 观众哭了 我就赢了  ,0
其实很不情愿打这个低分 但是想起昨天给 唐探3 打了两颗星 那就必须保证公平 遵从内心 给这一部打一颗星  这真的不是一部好电影 因为是看了评价才去的 怀揣了很大的期待 而且尽量一直保持欣赏的眼光去看 但是很失望 依然是加长版的小品 所有的笑料都是像小品里的 包袱 一样 为了填充观看时间而出现 和其他那种喜剧大电影没什么分别  再者是亲情这个话题 贾玲一直都是沉浸在自己思念的情绪中 她没有把母女之间的感情拍好 没有足够的情节做铺垫 只有一种苍白的共鸣 一种生死的共鸣  总而言之 我不知道这个电影何德何能可以让我的几个友邻去打四星甚至五星 还写出那么虚假空洞的评价 这些人实在是有点可笑 ,0
终于明白那句 你的优秀全靠在座的各位衬托  昨天看完不仅没有一点儿共情没有 小品式的演技 直白的场景和镜头调度 都给人一种霸王硬上弓的感觉 最后贾玲长达10分钟的催泪弹式的表演 不仅没让我哭 反而让人发笑 但我也看到影院里大部分群众都泣不成声 表示疑惑和不解 可能是我还没看过的唐探实在差到令人发指了 ,0
从头到尾 贾晓玲都在为自己不能让母亲高兴感到遗憾 她觉得自己不够有出息 没本事让妈妈显摆 年轻时候的母亲感觉上跟王琴本质上没有区别啊 为了成为厂里第一个拥有电视的人 互不相让 大打出手 难道贾玲的潜台词不是在说王琴嫁的好才是她最后比母亲得意的真正原因 那她的遗憾就是当爹的不给力 厂长儿子才是男一号吧 各种呆萌搞笑 亲爹最后才几秒钟的镜头啊 想换爹的愿望也是很明显了 ,0
已经是抱着看小品的心态去看了 但是全程都没有get到笑点 讲故事的水平就是明年春晚水平 就算是带有导演真情拍摄的 但是无聊的快前两小时的剧情令我对最后的真情反转也无法共情 今年的贺岁档真的是醉了 评分还能更水一点吗,0
反感炒作,0
跟我妈一起看的 桥段实在太老了 我妈都能猜出来每一步剧情走向 我妈泪点比我低 属于那种看点感人的电影就能哭出来的类型 最后我俩面无表情的看完了  笑点不够好笑 感人不够感人 可能是我俩太冷血了啊吧,0
感情是真挚的 电影是商业的 主题是过于简单的  角色是单一的  中国院线已经不缺这种形式的电影了 缺的是表现多维度立体人的电影 此种形式 的电影屡屡赚的口碑和票房 也正说明那那些个所谓正确的人生的形象 那种掩盖人性真实的思维模式仍然是社会主流 ,0
电影没有你们影评好看 有点点无聊 可能是因为看了你们评价期待太多了 ,0
唱个反调吧 不可否认贾玲感情的真挚 张小斐表演的能量 彭飞优秀的配乐 但是它的小品美学实在是过于致命 连镜头都是小品式的 笑点其实比大部分国产喜剧高明一些 但我就只在古惑仔那段笑了 其它都没什么感觉 节奏上顾此失彼 几段重头戏都抻的特别长 有些文戏其实都可以不放进正片里 看到后面我都困了 结尾确实绝地反击一下 但煽情又煽的没完没了 进入皮克斯那一套了 当然贾玲要比很多演员转导演的有诚意很多 希望贾导好好研究一些镜头技巧 情节取舍 还是挺看好她的 ,0
真好 和大鹏一样 挣到钱以后还可以讲讲自己的故事 真好,0
不喜欢卖亲情,0
叮当可否不要老 伴我长高  星矢可否不要老 伴我征讨   凝住时间 提炼情感  可以是艺术领域历久弥新的命题   但在这部电影 只有一马平川毫无叠彩的叙事和刻意重复的念白  这样是没法感动到人的 反而在看的时候 还想起了黄子华的一句话    做人唔好太执着  ,0
春节到怎么每一部都这么长   为什么我觉得不好笑也不好哭   拍的也一般  是都不好意思给母爱的片子打低分  所以现在看了三部春节档的电影 视效公司都是同一个 不过贾玲真的对妈妈很有心 我也要对妈妈好一点 ,0
2 5这就是春节档的高分电影呀 六个编剧写出这么个平庸的剧本 导演没有水平没有审美 表演是小品式的 反转视角的设计是糟糕的 让原本因穿越而成为朋友战友的两人 再次退回母女 对于母亲 母女关系的塑造和想象都很匮乏 最终也只能靠中国式温情来吸引观众了 ,0
又睡了半场 爸妈评价也很一般,0
所以我为什么那么期待 今年的春节贺岁片就这 ,0
2 5颗星 贺岁档给家人看确实是最好的选择 够好笑也够煽情 但不感冒 小品的内容强拉成电影基本上就是包袱一直响 之后泪点不停催导致收尾都显得潦草 再拉些支线 尤其贾玲的感情线拉了也没埋简直多余 ,0
別煽情 真無聊,0
我看不到本片对父亲一丝一毫的尊重 我认为这是对父亲这一身份公然的蔑视  本片价值观取向也有问题 穿越回去了你不能用自己的手帮你妈妈致富过得更好 在女儿的视角里 只是希望妈妈去嫁一个有身份地位背景男人去活着而生活的更好 除去替你考虑而选择你爸爸 也完全不考虑妈妈自身的感情取向  通过大镜头和音乐渲染引发观众流泪刺激观感 真的让我感到可怕 浪费我电影票钱 浪费我人生宝贵的两个小时  不喜勿喷 真不知道豆瓣的好评怎么刷的 ,0
额   ,0
初二跟朋友去看了这部电影 不是我们喜欢的类型 我是很认真的从头看到尾 因为观影环境还挺不错 朋友中间是瞌睡走神了 整场看下来 比较喜欢演李焕英的这位演员 演得很好很自然 看到后半段有些人大声的打哈欠 个人觉得太不尊重这部电影了 个人还是更喜欢贾玲老师的小品 ,0
 剧本里有很多伏笔和细节都是一一照顾到了的 自圆其说没问题 比如为什么李焕英很不真实地把贾晓玲认成素不相识的 表妹  比如为什么李焕英很天真地为了贾晓玲忙前忙后张罗打排球 这些都是最后反转的大包袱 但这些 包袱 没有好好经营成成悬念 所以会让人觉得前面时不时很生硬 后面的反转合理但难免又很机械 另一点是李焕英这个人物作为 母亲 被抽象得过于理想化了 她没有真正的缺陷和弱点 也没有属于她这个人物的核心动机 她是被单线推着走的 这是这部电影缺少戏剧性厚度的原因 最后是 父亲 的无处安放 家庭题材的故事 其中的父亲又在世 却刻意制造了父亲的缺场 这让人很困惑 或许是半自传性质的电影让贾玲的创作有点瞻前顾后了 有心的创作总是会基于创作者的个人生命体验 但创作者马上要做就是超脱它 而不是被它所束 ,0
为什么豆瓣不能打0星 ,0
尴尬的表演,0
就这   豆瓣8 2   我的天哪 剧情流畅性太特么稀碎 太片段化了吧 像一个加长版的小品 而且和原版的小品对比云泥之别 长达两个小时剧情过于空洞 电影过了一半只讲了一场没赢过的排球比赛 不知道在搞毛  两星 不能再多了 ,0
5 5分 既然贾晓玲同学拍的是电影 那么就必须站在电影的角度评价 这片子压根就不能算电影 只能勉强称作小品电影 跟那些话剧电影 真人秀电影可以归为一类 老话讲 编导摄美录在这片里压根不存在 转场毫无空间感 人物无调度 甚至摄影基本都是大光圈曝光这种电脑桌面 影楼美图的学生毕业作品水平 叙事更是段子堆段子 电影的核心是视听 与叙事相辅相成 喜剧片正在经历内卷 靠反差和屎尿屁还能逗乐观众我是没想到的 沈腾演的始终是沈腾 陈赫演的始终是陈赫 笑料味同嚼蜡 多给0 5给片尾曲依兰爱情故事 估计大多数傻逼观众压根没听 贾玲的真情实感是她自己的事儿 观众没有义务都得感同身受 煽情煽的我尴尬无比 都想捂眼睛 实在看不下去 ,0
难看 逻辑无内容粗糙无笑点强行煽情 这部电影请问除了立意好之外还有哪里有可取之处 人物塑造失败 陈赫这个角色和感情线有啥必要吗 看的稀里糊涂 打排球那里前后拍的又臭又长有啥必要吗 沈腾文艺汇演那里我的表情就和台下观众的表情一样 还有从头到尾一直在强调你妈妈希望你健康快乐就行了 也没挖掘母亲本身作为一个少女一个独立的人的思想 本质还是中国式父母 以孩子为中心 不值得高分也不值得这个票房,0
题材占优 会哭 但真的拍的不太行 有点失望 名过其实了,0
不就是夏洛克烦恼 乘风破浪之类的套路 有啥好看的 ,0
就这 就这 8 3分 我居然花了60块在大年初三去看了这么一部电影  大家对中国电影要求这么低了吗 我承认有些许的小亮点 题材也不错 所以在我心里它可以打到及格线6分 但是这完全没有到优秀吧 剧情老套 转折生硬 最后一大段贾玲的哭戏哭了我一地尴尬的鸡皮疙瘩 哪怕换个有演技些的演员我都能再多打一星 一整部电影就像是强行煽情的哄闹小品 居然能上大银幕还有8分的高分 我服,0
很遗憾 我实在get不到泪点啊 就觉得整部戏 至少一半镜头是生怼在贾玲的大脸盘子上 时而凝眉立目 时而哭笑无常 太惊悚了 二人转演员之所以总让人觉得假 就在于表情管理上 夸张得太凶残了 再有 80年代东北话并不流行 既然是在湖北拍的 何必非要说东北话呢 ,0
体验太personal又没有任何技巧 全是一些硬造的梗和直白的感情宣泄 无法共情啊 这个分数和票房只能说是矮子里面拔大个了,0
关键它不可乐啊,0
物理式的笑和哭 逻辑上有点强扭 只能说矮子里面选将军,0
这一类作品真没有哪个能超出夏洛特烦恼 各大喜剧团队都派出得力干将客串支持 但本片的喜剧包袱基本都出在沈腾身上 其余时间喜剧效果平平 贾玲虽然是国内目前最能搞笑的女喜剧人 但仍旧独木难支 很多包袱都需要一帮喜剧大咖陪衬才能抖得出来 煽情的部分就很尬 基本靠结尾反转和半生回忆这一套 前面缺乏氛围营造和情绪铺垫 所以当导演想让人哭的时候 真的很难调动起感情 影片回到了大院时代 对于九五前出生的人 尤其是中西部地区的大院子弟来说 情怀满满 这不就是自己小时候生活过的地方吗 但影片就没有更多的把玩时代情怀了 可能这也不是本片的目的 把舞台剧变成电影都已经走到了瓶颈 把小品变成电影更是难以翻出什么花来,0
贾做珍时众口夸 邻国腰子抹韭花 钞级原创才光耀 洗剧演员是大家 ,0
拙劣 毫无新意 纯小品 不是小品式电影 所有的笑点都在台词上 而不是情节 动作 不能称之为合格的喜剧 至于穿越复古这些 也是像极了夏洛特烦恼之类的 唯一可贵的是贾玲的心意 能够感受到她对母亲的子欲养而亲不待 足够动人 ,0
无法接受去市场上消费至亲,0
拿自己离世的妈妈这么编排确实需要勇气 ,0
嗯 为什么从解封以来 就没有一部能让我全程无尿点 顺利看完的精短佳作呢 ,0
一星给贾玲怀念她妈妈的心 本来这份真诚挺拉好感的 结果被频繁热搜败光了好感 别再买热搜了 知道你40亿抽个几十万买热搜不算事 天天买真的烦 这剧情说实话也就一般 笑点也是屎尿屁的俗套 最后结局虽然感动也是强行扯出来尬的不行 如果国内电影以后都是这个水平还能40亿票房 那真是药丸,0
只有最后二十三分钟吧  我真是装了这世界上最大的逼今天 前一秒还说什么玩意 不超过五分钟我看到结尾就哭了    ,0
没get到 全程只觉得尴尬 强行煽情 ,0
情感突然变向 由紧张到放松 让观众发笑 本片从头到尾用了N多次 除了这个办法 贾玲所会的搞笑 就是拿自己的胖身体和男人味自我作践了 故事框架抄袭 每一次的矛盾起落都如同儿戏 所谓的口碑 大概是因为迎合了国内观众推崇的 亲情  牺牲  网上的高分 应该是因为符合内地文艺的最高标准   笑中带泪  ,0
实在是有点无聊的电影 最后的反转也很普通  哭是哭了 但是大部分的时间太无聊了  说实话 远远比不上唐3和小说家,0
严重过誉 豆瓣水平怎么变这么低了  这和春晚的小品有什么区别 不就是时间拉长了吗 电影感为零 贾玲那浮夸的演法只适合小品的舞台 结尾的强行煽情看的我是如坐针毡,0
贾玲一直在尬演 一直在尬笑 她唯一的表情就是笑 以后再也不看贾玲电影 春节档都是烂片 ,0
贾玲版的夏洛特烦恼 很多处理还是很小品化 不过好在说教意味不浓 贾玲自己私人化的真挚情感其实为片子本身撑起了至少一大半,0
就这  ,0
前面太尬 后面太煽 ,0
完全没get到笑点  现在的人感情牌都这么好骗了吗 流水账 叙事诡计版母爱公益广告也能这么高评价,0
简直是作弊  情感到位了 拍五分钟短片最好 电影太长了 废戏太多了  也不是传统意义上的电影 戏剧上的不成熟确实对我观影造成了很大的障碍 节奏真的是电影的命根子呀 ,0
 李焕英 最大的问题在于它以一种无意识的自我记忆重现的方式 强化了当代国人对于平凡而伟大的母亲的构建 通过人物行为动机 晓玲撮合英子和沈光林 达成 通过男性 丈夫 改变母亲人生  天大的好事   第一层  结尾戏剧转折 英子为了晓玲选择 老路  达成母亲为了孩子牺牲 领结婚证紧接深夜醉酒戏  第二层  电影以 真情 为由绑架了所有 母亲 做出这样的选择 贾文田的出现仅为了提供笑料而非 婚姻幸福 的信息 而父亲的形象始终是缺席的  更不用说影片在喜剧桥段的设计上大部分依托于对于女性身体的某种揶揄 诸如晓玲的体型 婴儿的对比 陨石 避雨难 及 鬼剃头 的重复 其中类比了 狗  等等 当贾玲进入 全球票房最高女导演  观众们流着泪想要更多 女性故事 时 不得不说落入了第三层女性自我剥削的窠臼 ,0
实在无感  也并没有被打动   ,0
小品还是看电视划算,0
至少需要1 5倍数放映 看着贾玲那张堆满肉的老脸 却要演一位18岁的高考生 满满地出戏 靠自己地人脉东拼西凑了一帮朋友 演了一出小品戏 剧情也是很冒火 贾玲这一生是让妈妈失望了的 失望透了的 脸都丢尽了的 妈妈临死前和贾玲一起做了一个梦 梦里贾玲才开始争气 有屁用啊 活着不珍惜 死了放声哭 ,0
李焕英的体量大可不必做成院线电影 40分钟的微电影就够了 就算做成院线电影 春节档上映让我觉得怪怪的 这部电影是非常个人的表达 个人表达就不需要克制收敛 不必遵循艺术定律 这是最大的宽容了 但是我不喜欢看别人的伤疤被他们自己撕开给所有人看 ,0
打着母爱的旗号让人不能骂的太狠   败光了贾玲和张小斐的好感    不得不说 借着春节档春风 以贾玲多年的人气为赌注 拍的不成个的电影 还创造了票房奇迹 真的会遗臭万年   ,0
一般般吧,0
这片子果然不出毒舌君所料啊 故事不行 笑点不多 整部影片在大部分时间里都是在没事儿找事儿地凑戏 笑点也主要是依靠贾玲和沈腾等笑星自带的喜剧魅力和观众好感度 而不是角色和故事本身有趣 别看预告片疯狂主打沈腾 影片都开场50分钟了 沈腾还没亮相你敢信 如果没有结尾的反转煽情的话 那么整部影片就真的一无是处了 所以本片真正的看点其实是亲情和感动 把本片当成爆笑喜剧片来期待的观众估计要失望了 ,0
某种意义上跟唐探三一样 都是塞满各种元素的商业片  ,0
不要鼓励谁都当导演 导演的门槛这么低吗 ,0
过誉了 私以为 可能大家对贾玲第一次当导演比较宽容吧  这部电影的成本为啥会超过1个亿呢 我在想 ,0
真的不如小品    ,0
贾玲的师父冯巩 贾玲喜欢的刘德华 贾玲的母亲 贾玲的遗憾与私人的夙愿   这是属于贾玲如此私人的一场还愿仪式 你我都不忍再说些什么 ,0
本来是适合带爸妈怀旧乐一乐的三星电影 最后的强行煽情拉掉一星 慎重,0
一星都不想给,0
这种电影到现在还能大获成功 其实是个不太好的sign,0
作为 欢乐喜剧人 曾经的忠实观众 太熟悉一些中国喜剧人追求的这种喜剧 小品的体量也许还能撑住密集刻意的包袱 但电影这么拍 这么演 让我看得累且无法投入 而且因为是梦的设定 很多逻辑错误都能被掩盖 看了只能对强设定一笑了之 并感觉到了我和东北文化记忆还有一些隔阂 即使我是在东北为主的北方喜剧文化熏陶下长大的 不过 看李焕英想到了我妈 我妈曾经也运动好 乒乓球打得好 考体校但因为意外体检没合格 去当了女工 大国企时代因为家中重男轻女等因素成为了几个孩子中唯一没有进国企体系的人 并嫁工人我爸 之后又因为所在纺织工厂改革而下岗 进入销售服务业 又经历了不少波折和病痛 而同龄人中大有风光的人 看电影的时候一直在脑海中回溯我妈和我的命运之河 我们被琐碎的时光裹挟前进 离 设计精良的一出戏 太远 太远 ,0
低俗 低俗 低俗 1 剃头梗用了一次又一次 嘲笑缺陷和弱势群体 2 沈腾拉屎真的臭 隔着屏幕都能闻到臭味3 你上没上过大学大家都知道 你第一次上春晚什么样我们也都记得4 你妈为了你办了那么浮夸的状元宴 攀比之心可见一斑5 谨以此片献给天下母亲不如选择母亲节 把票价搞低点让穷妈妈能进一次电影院6 拿自己妈妈名字搞谐音梗真的很低级7 插队抢电视机 扮演弱势群体不择手段达到目的真的不值得鼓励 8 结尾开着车的画面真的很低俗 9 冷特人设前后矛盾沦为工具人10 编故事就不要打现实牌 ,0
本来有7分 但营销过度起码扣0 5分 ,0
真挚的情感与传统的刻板印象 刻画出一个贾玲想象中的母亲 一个永远在笑着的工具人 结尾的反转有多感人 传统的价值观就有多渗人 另外本片导演很一般 小品以及周星驰式的笑料堆砌看起来廉价又低级 开心麻花带起的这股风气什么时候才能消停 都1202年了 还有导演不知道周星驰的风格除了他自己以外无人可以驾驭吗 2星 ,0
电影的前半段排球赛是用小品段子串起来的 但结尾的怀念母亲的二十分钟 是用了心血的 能引起共鸣 是全片最出色的段落 不过国人豆瓣评分赶上印度人在imdb给印度片打分的热情了 大体及格之作 ps 这片不用争论沈腾陈赫 因为就没有男主角 只有女主角和男女配角,0
标准商业片 开头很垮 让人看不下去 中间套路搞笑 后面模版煽情  贾母自传 而且贾玲演18岁高三毕业生 沈腾演厂长儿子相亲 那个年代年纪不会大的 实在是太违和 沈腾满脸褶子还是老老实实中年搞笑 贾玲还是好好的综艺节目刷情商吧 ,0
带了两包纸巾 一张都没用上 煽情过于刻意和套路 老梗横飞 跪在她去世的妈面前喊妈你别走 仿佛把刀架在你脖子上让你怕死怕到哭 简直情感绑架 充其量只能当个春晚小品串烧看个热闹 两个字评价 垃圾 ,0
不太喜欢强行煽情的电影 不是说让人流眼泪就是好电影 ,0
大半年前就约了我妈虽然她又睡着了 出来碰见她朋友 阿姨在擦眼泪妹妹在安慰开玩笑 我妈都不好意思了哈哈 说要逛逛 我妈问我想不想然后还是决定回来说要忙 我就觉得还蛮真实了 她绝对无法放松地跟我逛商场也无法直接告诉别人自己的想法 但是我不像小时候 现在能接纳妈妈的全部 开分那天看到高分还是蛮开心的 看完想说中国电影已经蛮擅长将小品类剧目和家庭情绪的东西电影化了 但绝对不算是好电影 我甚至觉得 温暖的抱抱 尝试得更多 它的笑点很大密度来自于一些集体文化的荒谬 就还蛮  归于特色文化 又来自于特色文化  非常喜欢母亲的扮演者 形象气质跟妈妈几分相似 母女别离在当下这个环境里可能是生死教育更多一点吧  你爱妈妈但妈妈永远更爱你  大家都说玲儿是胖胖的可爱姑娘 我们也可以有这样的 大女主 电影 ,0
其实我个人真的是更喜欢 唐人街探案 更多一点 起码像个电影 这是一部贾玲拍给自己 献给自己母亲的电影 无论怎么评 感性都会多过理性 无法让人客观 本片最好的参照物其实是邓超的 银河补习班  你是否喜欢这两部电影完全取决于你是否能接受让这些深情超越影片中不合理的部分 而这些部分恰恰又很多 ,0
最后10分钟强行煽情 屎尿屁的喜剧 逻辑不通的剧情 真不行 ,0
 58 100 ,0
冗长乏味枯燥 总是对国产电影太宽容 ,0
一般般,0
结尾看到稚嫩但微妙而难得的自发 遂加一星 前面那些含糊的笑料与真诚的煽情看得我相当难受 那场文艺汇演的戏拍得实在是太好了 上台时观众的冷漠 正是我大部分观影时间里支配的精神状态 贾玲与沈腾尬演的期望反差 正是自反意识的含苞初放 厂长儿子他老爸离场的时候 正是我掏出手机查看时间也欲离场的时候  PS 题材上心 也不值8 1啊 赶快降下来吧 ,0
一个希望孩子健康快乐就好的母亲却说出 你就不能做一件让我高兴的事吗 给孩子造成这样的心理负担 ,0
我就想说 这也叫电影 一波波韭菜被割成这样 注水小品即视感 穿越手法 黑白彩色渐变 各种抄袭 场景道具是向大江大河还是山海情剧组借的 唯一的亮点也就片尾最后几分钟的母亲感情线 可催泪的是亲情 而不是电影拍得好 这跟选秀节目卖惨异曲同工 真不是黑子 真不愿成为被侮辱智商的观众 从头到尾打感情牌 跟风复古 消费已逝亲妈 如此烂片 割得一片韭菜 哎,0
前面太无聊导致我后面快到煽情部分睡着了 ,0
豆瓣的同学还是太善良了 看到这个题材不忍心扣分 没事 恶人我来当 什么破玩意 ,0
 这是在干什么 穿越梗玩得甚尬reminds me of国产恐怖片 高频率穿插笑点疯狂迎合观众简直让我觉得是直接把小品搬上银幕和把所有的观众都当成在电影院只看故事情节体验情感的二极管creature 窒息的广告质感 没有电影美学可言 精彩惊喜的part只有反转 但也余力不足 闪回得缺乏重量 就很煽情 全程味同嚼蜡 人物间那种电影独具的化学反应太匮乏 忙着 喜剧 和 好哭  虽然我经常因为被感动给电影打高分 但主语还是电影 是艺术 乏善可陈的电影让你哭完感觉被强行拉去共情 好欺骗哦 ,0
"穿越爱妈是极其虚伪的意淫 现实不会因为你在白日梦中的努力而发生哪怕一丝改变 树欲静而风不止 叶子永远不会从地上升起来又长回树上 李焕英自我牺牲式母爱 不过是一种束缚女性的意识形态  我作为母亲好伟大啊  我好伟大  为母则刚  在这样的意识形态下 女性不过是下一代的保姆 不花钱 长期 毫无怨言的那种 一辈子那么惨 她的儿女有什么资格做主角来让我共情 这就是资本的力量吗 爱了 ",0
有老梗 且关于抄袭的问题我也没高兴搞懂 当然打两星没有怀疑贾玲对她妈感情的意思 只是单纯觉得无聊 ,0
粗糙 超级差 贾玲的电影全部拉黑不看 差评 演的什么玩意     ,0
"2 5分 不能再多 全都给我最后十分钟的眼泪吧 前两小时真的看不下去的程度 贾玲这张母亲牌打的 真的是谁都有个妈所以她稳拿 但是并不代表电影就可以这样拍 作为一部电影我真的无法再给更高了 影院变成春晚现场 大爷大妈磕着瓜子品头论足笑成我爱我家式的气氛组的感觉并不好 中国人什么时候才能真正把电影作为艺术欣赏而不是爆米花娱乐经济甚至于东北二人转的大屏幕版 如果这片我是花50以上看的我会要求退钱的地步PS 什么时候喜剧片不靠某口音也能逗笑观众才是真正的喜剧片 孩子还小应该多学普通话 ",0
我怎么觉得这不是电影 这是在拍公益广告吧 ,0
除了煽情还是煽情,0
还是崩了毕竟我眼泪不值钱      而且 虽然这个是拍得不怎么样 但就希望多点女导演展示直男直起来看不到的不同女性的不同可爱 以及女的别一天瞎折腾脸的话正常的三十几岁就该是张小斐这样吧 我是不行我太崩了,0
果然不出所料的一塌糊涂  糟糕到无力吐槽 也不配吐槽  赤裸裸 皇帝的新装 全民叫好 可耻 ,0
很一般,0
过誉了 没有具备一部电影基本的完成度 短视频剪辑水平 希望以后春节档不要再出现这样的小品段子所谓 电影  ,0
喜剧部分其实是优秀的 拍摄不超过电视剧水平 剧作极度投机 明显是一盘散沙拿了别人的框架嫁接上自己的东西 中间用逗乐的片段填充起来 没有一条线索和结构设定发生关系 沈腾 陈赫 乔杉几个角色的设定和结局随便改对故事毫无影响 为了高明结尾加了母亲穿越的设定 但还就真为了反转和煽情生硬地堆上去 身边朋友随口说 应该是她妈对沈腾有所动心 但想到跟女儿的幸福生活回归老路  明显拔高一个水准 而且把沈腾的 废戏 盘活 可见除了自我感动和多赚钞票外根本没用到什么心思在创作上  回到未来 和 新难兄难弟 真是神原型 多说一嘴 目所能及 我关注的那些所谓 影评人  春节档几乎全被攻陷 给的太多了可以理解 但是恰饭能不能拿出点敬业态度 一股通稿味儿 一点往日的文字水准都没有 ,0
前半部還不錯 看到中間就忍不住開始批判 像樣板戲 光 台詞 音樂 鏡頭 煽情元素一套一套的 友人和我說是導演的母親剛去世 覺得這樣為了讓全國人民一起悼念她媽媽 這樣用力過猛實在不好 而且容易讓業界覺得這樣有搞頭 以後除了賽車槍戰無腦爽的類型以外又多了無腦哭的類型 ,0
挺失望的 不知道为啥评分这么高 论讲穿越母子情的 远的不提 近期的我才不要和你做朋友呢都不如 后者最后有母女的和解还有些亲爹是谁的悬念 这片笑点泪点都在预期之中 剧本很平庸 不知道主题想表达个啥 虽然沈腾是长在笑点上的男人 但总体表现很敷衍 真的算是友情客串 希望各司其职吧 毕竟渤哥转行做导演都差点翻车 还是在自己的领域做到最好 别瞎跨界了,0
加长的春晚小品  ,0
一方面是技巧上的幼稚 一方面是觉得不要直接挪用自己的经历对创作者和观看者都好 即使情感真挚强烈 硬塞过来反而产生心理抵触 当然如果我不知道这个故事是导演本人的故事也是两星 就是一个短片 小品 硬塞了许多枝节进来还是找不到重心更结不好尾 ,0
春节晚会的小品 先搞笑后煽情 人脉打败专业的一次完美展示,0
粗制滥造的一部三流小品电影 没有任何逻辑 且段子俗套 原本可以两分 但是豆瓣分数太高 中和一下,0
情感很真挚 但实在无法欣赏这种不够高级的作品 除了结尾视角反转的段落处理得还凑合以外 全片都挺普通的 会有观众觉得这部电影好看 是因为爱自己的妈妈 而不是这部电影真的好看 ,0
比不能批评更可怕的是强迫赞美 比强迫赞美更可怕的是必须热泪盈眶的感动 ,0
看完想给 慕伶 一鸣 伟明 加一星   反转揭晓后贾玲可劲跑可劲哭 但我却一直想起一鸣看电视时笑着回头发现沙发是空的的镜头 同样是真情实感 还真就高下立见 从形式到内容 都太俗了   ,0
人情被一口口喂成了发情 深情的红自然膨胀成宗法吃人的黑 记忆被拽上舞台狂欢 吃人的黑又被权力资本的咆哮铮狞兵不血刃地批上了优雅的白 人情蜕变成礼教 记忆篡改成狂欢 价值解构成自我标榜 咄咄逼人的嘴脸的利益集团后隐藏的仍然是我们极端的脆弱 幼稚和自卑 你怎么能妨碍我们对美好幸福生活的定义 这种东西看个预告就够了,0
今天去看了 真的很失望 小品式的强制煽情 打着怀念的商业片而已,0
看了10分钟看不进去了,0
不想发好多字了 我现在只有被欺骗的愤怒感 ,0
平庸 更像小品 结尾强行煽情 其实拍得不用多艺术 参考蜡笔小新 它们之间都差了好一大截 人物关系流于表面 没劲 ,0
豆瓣现在也开始这么猖獗的刷分了 要砸招牌了  ,0
人物不够饱满 缺乏逻辑 制作粗糙 贩卖亲情,0
前半部分很好笑 喜剧部分做的很棒 编剧上我有点不太懂  欢迎光临 组合不香吗 既然最后这两人又不在一起为什么要花这么大的功夫去描写它 要么最后这两个人在一起 要么就不要弄出个沈光林这么个人  喜剧上很好 但是剧情上属于节外生枝  陈赫的角色也非常多余  虽然他挺帅的 弄出一个厂长的儿子好像他爸是个什么次等货下三滥无可奈何的选择一样 让人有点不舒服 前半部分实在太好笑了 然鹅结构性的问题也让人无法忽视 ,0
为了等好哭的镜头看完整个片 套路梗 一个好笑的镜头铺垫好久 然后也不是太好笑 贾玲从小品转喜剧电影 演技还是有点勉强 说出来的话都是综艺味 在取巧 ,0
2021 2 20  跟小红花一样的路子 配角和群戏的表演甚至不如小红花 豆瓣这个评分越来越看不懂了 ,0
演员都不错 但你要说这是电影 我不认,0
比唐探3差一个档次,0
语言方面不作评价 因为没有 所谓 好事   享福   高兴 乃至 成功 的标准属于社会想象共识 撼动不能 碰者死 且随着后浪站 蛆博 叼盘乎与抖阴的侵袭 越发展却更回归保守与腐朽且愈演愈烈 不讲可理解 剩下就是贾玲的真诚情感 尤其是张小斐的上镜 算是如果能称为片子的片子成立的前提了 要足足加上一星 ,0
和大多数开心麻花式的喜剧相比 最大的不同就是情感是真实的 不是给屌丝撸管的意淫作品 但是它的笑料真的还是那一套破烂玩意 ,0
比开心麻花的不好笑 比催泪电影又不好哭 节奏慢 故事没什么情节 还不如王牌的电影宣传那期 哭了也笑了 推荐去年同题材穿越电视剧,0
嫁给厂长家的傻儿子就是你觉得你妈更幸福的路 换过来想想过年回家你妈让你跟张阿姨认识的有钱人家的傻儿子相亲你恨不得跟她断绝母女关系 行吧 总体不值得一看 不如原小品紧凑有高潮有内容 ,0
除了最后的反转有点感人 评分真的有点虚高 像一篇歌颂母爱的作文 ,0
过誉了 并没有什么可以圈点之处  完全是被贾玲招哭的   大型煽情锅炉    ,0
真不是刷的 ,0
经过长期在家放电影之后 爸妈也能看出来这片的表达之粗糙了 虽然我妈还是看哭了 ,0
这是电影形式的新分支吧 小品电影 ,0
上天会善待善良真诚的人 贾玲的电影跟贾玲一样可爱 就电影本身来说8 3分太夸张了 ,0
如果是之后闲着没事在家看的可能还得给三星 在电影院看就觉得电影感真的太弱了 如果是单纯的喜剧中带一些自然的感动也挺好 太生硬的眼泪了 ,0
结尾点到为止还能算讲了一个不错的故事 非要加一段又长又臭的回忆戏 台词上犯了最低级的错误就算了 片子的调度也毫无水准 最后一场开车戏就更没必要了 完全与片子的价值观背道而驰 ,0
为什么看不下去 是我的观感出了问题 还是各媒体收了钱  评论区全是二星 各类媒体全是满分 谁撒谎 ,0
挺无聊的其实  而且这逃避的价值观实在是接受无能,0
这电影也太粗糙了,0
穿越 亲情的题材并不新颖 但因为有贾玲缅怀母亲的袍子在所以显得感人 贾玲这次很想做好 剧本打磨也有 但还是越拍越漏出了小品本质的内馅 就连反转都是小品式的 令人尴尬 导演水平和节奏上面的全面崩塌让人笑不出来也哭不出来 ,0
      ,0
5 5 10 话剧电影不是电影 那小品串烧也不是电影 煽情这种东西是能依赖纯导演技法完成的 是最不值得吹嘘的 喜剧和悲剧严重割裂 无法把喜剧拍成悲剧 这也正是贾玲和周星驰的差距 后者的东西之所以是电影 是因为他能有效捕捉和传达角色释放的情绪 而不是简单的依赖于一段设定好的人物关系 ,0
专业的事情还是交给专业的人吧 ,0
一颗星给最后二十分钟 一颗星给片尾飘起的叶子 不能再多了 毕竟前面一个半小时都不知道在干什么 如果是煽情和怀念母亲 小品已经够了 没必要浪费大家感情看一个不知道干什么的剧 还宣传的那么大,0
最后十分钟占了整个电影的百分之九十九 前面搞笑实在很无聊,1
不咋地 我妈要是知道我伪造高考录取通知书我铁定被打死 不合逻辑,0
前面不太严谨 转折后又不太顺 沈腾像在拍王牌 贾玲最后真的是在哭丧 丑极了 母慈女孝 人间真情 然而并未着力塑造两个人物 无矛盾冲突 更未达成任何理解 建议影院重放妈妈再爱我一次 或者泰国电影婉丽  什么人都可以拍电影无所谓 高票房也算了 豆瓣评分我还是有点诧异的 主旋律出身的贾玲真是比赵家班以及四平青年之类高多了 ,0
情感上贾玲和母亲的感情流于字幕也终于字幕 感情没有交待动机没有波折没有升华 故事基本的人事物起因经过结果都不完整不顺畅 故事上走向很诡异 买电视想说啥 看电影想说啥 全都莫名其妙 角色上陈赫和沈腾这俩角色是干嘛的 是凑时间的 对剧情没起到任何推动作用 思想上 抨击 了个人发展只能靠关系而不能靠个人努力的残酷现实   我爱我妈妈只是因为我妈妈生了我 那些说父母皆祸害的 游魂 可以安心的做 地缚灵 心安理得的彼此伤害了 从8 的评分也看见了大陆电影的泡沫与自我放逐 大陆电影真的还有未来 ,0
开心鬼上身 中国版    ,0
笑点和哭点都没get 实在没有代入感  就  我觉得我挺有用的 我妈也挺开心的  ,0
有点零碎,0
双穿的设定比较有意思 但是这电影的情绪铺垫有些潦草 铺垫不到位最后煽情就煽得有点尬 笑点全集中在沈腾身上 其它人也是尬出天际 开头的伪造通知书和中段的排球比赛是尬中之尬 简直就是闹剧 ,0
  可能是期望太高 看完觉得很一般,0
狂宣传,0
最后五分钟在影院内差点泪崩 但这只是那些单独拎出来就足以唤起共鸣的闪回片段 抛开中规中矩的小品电影情节外 我其实很讨厌这个反转 一直以来所塑造的 自己的人生依然精彩 的母亲再次沦为贾玲的自我投射 为子女而活的母亲的幽灵重新占据了主导 这不能不说是一种导演的傲慢与自我感动,0
期待越大 失望越大 豆瓣的八点几分是怎么来的 去看时8 2 现在成8 3了 真是迷 ,0
小品是小品 电影是电影 ,0
求求了 别吹了 自己不尬吗 ,0
这个程度被吹成这个高度挺可怕的 故事充满漏洞 剪辑拖沓 笑点都是小品梗 泪点老套 硬撑着看完全场 爸妈表示没看明白     两 给妈妈  ,0
2 5 结尾多一星 ,0
哭戏太多 太假,0
情商有余 才华不足 贾玲能走多远 ,0
哈哈 我们真的缺乏真诚吗 只是人们很难看到这些真诚 对私人感情不予置评 只觉得被市场狠狠嘲讽了 ,0
好笑也好哭 我很喜欢 并推荐朋友去看 但这肯定不能成为一部优秀影片的标准 艺术性上 聊胜于无 不知道有没有人能理解这种私人化的客观 ,1
很一般 竟然觉得张小斐和易烊千玺有点像 ,0
贾玲的个人矫情秀 谁的妈妈不都是这样嘛 不同的是大部分人没有贾玲这样的机会 把对妈妈思念搬上银幕 不实内容就不说了 毕竟艺术创作 但就故事本身来说也没什么值得推敲的地方 真的不够撑起一部电影 ,0
因为八十年代的一些情怀 多给了点分数 技术缺陷的确很大 通篇小品式串联像是春晚小品串烧  想了想 还是回来改成两星了 缺陷太太太明显了 ,0
不知道为什么无感 没有共情,0
最多六分不能再多了  我还是想不通 怎么评到8 2的     现在8 3了不降反升了   ,0
8 3分比整个电影都搞笑   ,0
肉眼可见得真诚 感人 但不认为这是电影 ,0
太平庸了也    ,0
笨拙的手法 80年代被完全塑造成了一个近乎乌托邦一般的存在 其中所蕴藏着的激流涌动与整体情境的构建被一个又一个无趣的笑点所割裂 沦为了完全为了剧作而服务的空壳背景 在此之上行动的人物可能是具有喜剧效果的 但可能并不是可信的 如果想要反转首先要说服观众 而不是靠着一层又一层的煽情去征服观众 ,0
我真觉得一般  可能是因为被剧透太多了 没怎么被触动 沈腾还是和马丽搭档最合拍 ,0
很一般 别吹了 只要感情真挚 可以慢慢打磨 这种人生最隐痛的故事 不应该这么草率地就搬出来圈钱 味道不对 ,0
几近苍白笨拙的电影语言 过大的虚化背景让一切都不信 小品段子横飞式没有骨架全面垮塌的结构 实在不达标的形式哪怕眼泪也给我硬憋回去 冷着心肠决不能被如此讨巧凑合的作品打动 只有作者没有创作者 强行依靠主题共鸣联结观众 ,0
三观不正 你想让妈妈开心的办法就是换个爸爸 ,0
不知道为什么豆瓣会有八分 说是喜剧 并没有觉得很搞笑 说感人吧 只会一味用主角的眼泪堆砌情绪 并没有很细腻的处理方法做到直冲人心的感动 也许 是因为很多观影者们将自身带入才觉得感动 但是这种感动并不是来源于影片自身 而是叫做观影者的自我感动,0
我一开始打了三颗星 我以为过一阵子她的分数就能下来 但是她的分数居高不下了 所以我决定给李焕英打一颗星了 不是为了别的 就是为了中国影视  我要贡献我的微薄之力拉低这部分数虚高的电影了,0
缺点不是笨拙 就像优点也不能是真诚 问题在于把一个既不好笑也不感人的小品拉长成一部电影的平庸 热评看到一个说 李焕英 和 夏洛  铁拳  西虹市 组成了喜剧界四大名著的 想问问四大名著难道是 小时代1234 吗 ,0
贾玲的表演方式无法让我在电影中感受到她作为角色存在的意义 所有的用心都放在了夹带私货的感情宣泄里 ,0
瞎拼硬凑成电影,0
我看的真的困 ,0
后半段这种强行被喂情绪的感觉有点像在看感动中国,0
故事情节真的很普通 而且很多地方引用PPT大师郭导的话就是逻辑不能自洽 另外贾玲的哭戏让人跳戏 最后一幕长镜头哭戏真的看不出悲伤 唯一加分项就是沈腾这个角色 全部笑点都在他身上 ,0
喜头悲尾滚出 麻了,0
原以为有8分以上的评价能有些惊喜 没想到豆瓣评分通货膨胀竟然已经这么严重了 它根本就不能算电影 充其量是小品的加长版 情节推动和人物设置也是硬到不行 小品式的段子和巨硬的情节推动 手法真的太稚嫩了 最后大段大段煽情这也是这两年小品的常用手法啊 我相信贾玲的感情是真的 但是这个粗制滥造的电影真的无法打动我 8分以上的讲述家庭 亲情的电影 真是何德何能啊,0
也就那样吧,0
强行煽情 妈妈那么严重的车祸 你一睡醒她没了 然后在医院走廊里温柔呼喊 妈 妈   这种第一时间想的不是停尸间吗 很多地方的情绪根本就不是正常人的情绪 真的无语了 请问这哪里感动 这就是拉着观众共情 真的就尬煽情 恶心死了,0
这不是道德绑架嘛 把你绑在祭台上 再歌颂你的伟大 难怪这部电影得到这么多主流的推介呢 ,0
作为一部电影 这个叙事节奏我只能给一颗星 跟张嘉佳不相上下 跟春晚小品一个水平 浪费沈腾乔杉和其他演员 另外一颗星给张小斐 我都想娶她了 现在应该不会有人再以为贾玲是东北的吧 贾玲的双眼皮好像割的 我忍不住一直看 看这部我突然get到了陈赫 但是想多看看我最喜欢的王琳结果后面没有了 差评 ,0
我觉得很一般啊 没有夏洛特剧本好 哪能上八分 ,0
看名字就猜到是回忆母亲的 剧情拖沓 插曲乱入 始终有种刻意煽情而煽情这就令人反感了 真心疼那两个小时浪费在这上面   年轻时的母亲很像菅野美穗,0
真是骗一个是一个啊,0
只有我不喜欢这个电影吗  ,0
一般化 剧情老套 转折生硬 再也不想看沈腾 现在沈腾就等于烂片 恰烂钱 ,0
剧情发展完全靠编剧想着来 逻辑压根找不到 贾玲不仅演的假哭的丑还没完没了 行吧 就这玩意还不如我给我爸拍的小视频 服了 ,0
笑点不在一个频道 get不到多少 赞誉太过了,0
我想看的是一个贺岁搞笑电影,0
捆绑亲情就是一部加长的小品电影 ,0
热搜和水军恶心不恶心 一步步稳扎稳打不好 想一步登天 那我也不好意思了 ,0
整个一网大的水平 视听语言基本为零 笑点很尴尬 煽情很刻意 结果8 3的评分 看不懂观众 ,0
这电影怎么可能是8分        ,0
母亲的伟大在于其残酷 在讲述这样一种最为真实的情感的时候 我们要呈现的不仅是大众面前的自己 还有那个有意无意一直躲闪的自己 在 你好 李焕英 里 陈赫还是陈赫 而不是冷特 沈腾还是沈腾 而不是沈光林 他们完全就不是融入了这个角色 而是自身小品式的光环让角色成为了自己的一部分 也正如导演兼主演贾玲一样 看与不看 取决于演员 却不是观众 更是很难理解的是 贾玲把这种不可名状情感 以大众喜闻乐见的手法拍摄出来 让观众更多的浮于表面 去笑 而不是真实的去感受 去理解 去体会 她选择的是沉溺在过去的这段时间里 所以她根本上选择的是李焕英 而不是母亲李焕英 ,0
 ,0
大年初一就跟妈妈吵架了 很显然我还是哭了,0
其实比较一般 很多情节是强行拼凑的,0
论电影论剧本论演技 都是幼儿园水平 好的地方是 情感是真挚的 也勉强算是催泪的 可惜剧情设计只是一个个小品的拼接和堆砌 完全没有把逻辑关系交代清楚 也没有把人物故事线梳理清楚 故事的推进基本都是想当然的  大多数人都是受水军文字忽悠 代入了个人的共情 之后又被情感绑架所以给出高分 但这电影只值一个小品的掌声而已 一颗星给当年感动过我的那个小品 ,0
真的很鄙视这种有陈赫又不说 把观众骗进电影院的行为 电影真的很无聊 我跟我妈俩人一起看的 毫无感觉 很小成本的电影吧 这片子居然8 1分 ,0
评分虚高梗很烂 改编电影过八分内陆是真的没什么好电影8 催促着领子女去看的父母是不还挺陶醉于这两小时影院自我感动的 我妈看完如是说 题材很正能量具有教育意义 ,0
贾玲看的我别扭 ,0
大过年的 什么理由都不应该让全国人民一起哭 还要跟着你一起哭着悼念你母亲 虽然最后上价值来了句 纪念世上所有伟大的母亲 但是司马昭之心啊 剧本本身不错 但是最后的泪点时间太长 从李焕英角度重看穿越这段时光是很好的 但是为啥还要重新看一次 拉裤兜子   吃烤串  不坐车走回家 呢 陈赫这个角色完全可以没有 太纸片化了 如果正常时光里没出现过 真的没必要了 ,0
实在抱歉 贾玲最后往下跪的那张哭脸让我抑制不住的笑出声了 感想有两个 这小品太任性了 观众 太善良了 ,0
穿越梗真的挺土的 而且节奏真的不太行 有的笑点之后长久停顿 bug也多 但是最后我在电影院和朋友抱头痛哭  哭得摘眼镜放腿上 然后哭着走了完全忘记眼镜  ,0
自始至终没感觉 可能我就是那种铁石心肠的人吧 没哭也没笑 就一个感觉怎么还没演完 ,0
母亲题材的温馨喜剧谁会不喜欢呢 但是本片仍然是一个家常的小品呀 就别拿电影的标准来要求它了 ,0
虽然哭的稀里哗啦的 但是我觉得故事太单薄了点吧  真的是小品被强行拉长了 骗电影票钱  电影只值三星 为了前期骗我进电影院的口碑 打2星,0
前有综艺电影 现有小品电影 笑星云集 笑点却都很浅层 九成包袱还没抖已被预料 作为一部贺岁档喜剧也只是合格 豆瓣8分实在是名不副实,0
剧本不错 演员功底也够厚 不过我觉得也太雷同了 说没借 抄 鉴 袭 太苍白了吧 好好买个版权不香么 ,0
还是小品套路 不是沈腾估计都没人去看,0
没经历过生死的人 觉得很震撼 经历过的人觉得又如何,0
没那么好 最后非要煽情流泪 低俗了  哪来的毛病喜剧最后非要悲剧,0
你们是瞎啊 没事 挣钱就皆大欢喜 不想说什么了,0
看见沈腾这种二货就想吐,0
挺难看的   ,0
建议再剪30分钟 就是一部完整的喜剧   观念没必要强加 你想表达什么不必明说适当引导 观众不是木偶人会有自己的理解,0
好尴尬 ,0
没啥感觉好奇怪啊,0
我们真是好割的韭菜啊,0
强行煽情,0
看了30分钟退场了 生硬的讲这些梗真的好吗  ,0
很好笑 但不是我的菜,0
挺喜欢贾玲的 但是这电影还是更适合叫做 哭吧贾玲   笑吧贾玲   奔跑吧贾玲 ,0
为什么要把母亲的形象塑造成 牺牲 和 忍辱负重  难道表达母爱没有别的方式吗 ,0
导演好像一直在对着观众喊 你们快跟着我笑啊 快跟着我哭啊 可是真心地 想笑难 想哭更难 ,0
双穿的设定是亮点 笑点也比较密集 但要说这是个电影真的是太埋汰电影了 最后成功的煽情也和创作一点关系都没有 完全是依靠母亲身份的天然属性 这玩意儿能卖50亿我  ,0
说搞笑呢 还行 说煽情呢 我妈直接睡着了 评分能比周星驰和沈腾的很多喜剧都高只能说是山中无老虎 或者说是贾玲对母亲的缅怀感动了观众吧 ,0
虽然我哭了 但是 两小时小品喜剧的部分还挺平淡的 我妈还睡着了 ,0
太尬了 实在太尬了 把我整的在影院都要成僵尸了 ,0
"不是   算了 感性不起来 纪念老妈可以拍个纪录片 真的 ",0
不是陪家人 谁花这个冤枉钱 ,0
有些故事 笑着笑着就哭了 女子本柔弱 为母则刚 这部电影应该母亲节上映 毕竟这是一部贾玲的关于母亲的私人记忆感情很真切 然而 贾玲还是摆脱不了夏洛特 烦恼的那般搞笑小伎俩 ,0
导演和观众的自我感动 ,0
2 16  不是好哭就是好电影,0
作为一个喜剧片过了及格线 但是说情感大戏这一块儿不知道为什么看得特别的尴尬,0
这都八分以上了  豆瓣是不是被绑架了 请你眨眨眼  太可怕了吧,0
是因为春节档大家的宽容度变高了 就这8 2分 不如看看相同分数段的电影是什么水准,0
这部电影最最大的泪点是贾玲真人真事 如果没有这个前提 肯定一星儿了 不过我泪点还是挺高的 哭不出来反而觉得越看越无聊 许多捧腹的情节虎头蛇尾的 是那种为了搞笑而搞笑的段子 亏的是沈腾演的   8 2分真的过高了 大众6 3左右 个人3 5分  ,0
前面是两星的水准 但是最后一段绝对四星五星 很真诚的故事 我哭到整个人在电影院不能自控 居然哭到发抖,0
这是个小品 不是故事 拍电影不是写小学生作文 不是真诚就可以交差 ,0
额太高期待值了 如果是想看新年温情孝顺电影的话还可以 但实际上真的没什么内容 很无聊的电影 搞笑的地方也还行 还没有电影院小朋友的笑声好笑 同类型的电影韩寒的 乘风破浪 更有意思一点 ,0
尬 没看下去,0
作为一部电影 很一般 作为一部喜剧 那我要求就不要太高了 ,0
看来 人类的悲喜并不相通 ,0
尽管感情真挚 反转意外且动人 但是从电影本身来看 片子的呈现和导演能力都是有问题的 还是很期待后面能有进步的 ,0
就不能让专业的人来做专业的事情吗 演小品的也来导戏 一个小品也能搬上大荧幕 中国现在这么缺剧本么  感觉就像看了一部大型的胶片电影 故事可以 但这不是电影 ,0
我是哭了 但只是因为最后想起我妈了 并不代表是这个电影有多好 也改变不了这个电影的稀烂 最后奔跑走马灯的场景真他妈像开心家族啊 ,0
笑点可以 内容有些空洞 内容不够回忆来凑热闹 小品搞笑内容太多 母爱的戏份不够 感觉只有补裤子和雪中不舍得花钱走路回家 ,0
        说是搞笑片吧 没那么多笑点 煽情漫长而难以忍耐 有的时候感情真的是很个人的事情 也许只需要一个似乎漫不经心的一个点就够了 长篇累牍地煽情 导演真的还有点业余 ,0
反正我是睡着了 错别字的梗还能用好多遍  ,0
老梗煽情,0
刷分奇迹,0
两星半 母亲回光返照与女儿穿越至往日重逢的构思是巧妙的 情绪渲染也到位 但最大的问题是小品团队把每场戏都拍得支离破碎 感觉像是让人看了很多个不同场景的小品 而且创作团队为了使每个小品显得 精妙  还要拙劣地大量复刻经典影视的桥段   ,0
全程烂梗 没有心意 穿越的情节突兀的要死 喜剧成分是沈腾一人承包下的 总的来说又是一部苦劳电影 评不上这么高的分数 ,0
2 5 ,0
网大水平的小品电影 一星给沈腾 沈腾真是天才型喜剧演员 电影里有沈腾的地方还不错 起码不尴尬 一星给后面的反转 能看出主创有下心思 其他部分各种糟糕各种尴尬各种煽情引起生理不适 拍的糟糕没什么 不好笑也没啥 但推动剧情发展的情感逻辑经不起推敲 越品越可怕 电影的表面是 妈妈 请再爱我一次 往下一层是 生而为您的女儿 对不起 更深一层是 女儿的存在纯属多余 给您添麻烦了 该走的人是女儿 电影最后打出字幕 献给这个世界上所有平凡又伟大的母亲 对 表面确实抒发的是母爱无疆无以为报的汹涌澎湃的情感 但背后却是扭曲变态的亲子人身依附关系 怎样的母亲怎样的教育怎样的亲子关系会让女儿觉得自己一生亏欠母亲到了应该自我消失的地步 这到底是怎样的母爱 如果把这样的爱放在男女关系里 是不是应该叫PUA ,0
感觉看了个长版小品,1
结尾的大段煽情完全在骗眼泪 这是一种自我感动式的小品 和春晚一样烂 ,0
哎 这种按着头硬煽情的电影还是少拍吧      ,0
一只狗熊在不停奔跑,0
 纨绔子弟 到底是玩梗还是真不会念 不要误导小朋友啊 ,0
拉长的小品  ,0
是感人的电影 但不是好电影 好电影让人甘心为它哭 这种电影是按着你的泪腺说 不信你不哭   这下总哭了吧   太多煽情桥段的电影 就像直接把灵堂摆在你面前 哭是哭了 但心里觉得这种搞法未免也太不体面  ,0
观感2星 煽情加1星 用力过度减1星,0
这拼凑的段子 流水账的情节  刻意煽情的让人生理不适    这能有八分   ,0
反转那一下还行 前面太散了 除了情怀 乏善可陈 ,0
先标记一下 一会再来吐槽 ,0
小品,0
其实值个三星吧 但评分太虚高 拉低一下 而且针不觉得有多感人 只能说水涨船高 这个时代通病吧,0
反复歌颂母爱 哭的我尴尬 过年没得看的 不值8 3,0
二三流相声演员拍的加长型小品 塞进电影院里依旧是小品 ,0
襄樊的东北口音  我才不要和你做朋友呢  小斐在台下流泪鼓掌 特别动人 小点挺幽默 但是作为一部电影 总体没创意 没想象力 作为导演个人是圆梦了的 ,0
尬了一个半小时的大半段电影最后十分钟来个反转升华  这电影就这么回事  贾玲的导演水平和阿三电视剧差不了多少 人物半身特写标准大光圈虚化  动作关键时刻慢动作加周围人物表情  加上很无聊的又用力过猛的喜剧元素  只能说贺岁片水真深啊 各种营销水军  把又一部德不配位的片子顶了上去 还把我骗去看了   ,0
粉丝或者有一些代入感强的人肯定非常喜欢 但我真心喜欢不上来 看剧情总感觉跟哪个片子有高度重合,0
盛名之下  其实难副 春节档几个电影 看一部后悔一部 这部整片没有父亲的描述 不是离异又非早逝 所以父亲在女儿的成长过程是根本不存在的吗 把母亲的所有快乐加于孩子身上 这样的母亲不值得歌颂     孩子们表示 看了后压力山大 搞笑环节尬吹 6分不能再多了   所以8 3分是哪儿来的    ,0
北方怀旧片不太适合我 笑点也不觉得有多好笑 跟那些北方电视剧差不多 可能我广东人不太懂北方的文化 还有最重点的一个事是 片尾有李焕英的遗照 大过年的太不吉利了 ,0
烂片一个 ,0
别再消费你母亲了 ,0
一眼难尽的观感 也有一言难尽的真诚 断裂的剧情和粗糙的视听 但好在所有演员都很尽心尽力 单场笑点分布也很足 作为春节档足够了 但是要将其作为一部8分上的电影看待 实是难为人 这个片子证明了一件事情 观众其实很容易开心 ,0
这不是电影 毫无沉浸感 ,0
明显能感觉到同场观众如同看春晚一样的观影气氛,0
管你是什么小品电影 相声电影 音乐剧电影 小妞电影 综艺电影 mv电影 ppt电影 只要我水军够多 就能做到口碑票房齐丰收 反观那些工业特效大片 大导名作 因为把钱都用在了制作上 或者放不下身段迎合无脑观众 纷纷走向扑街 没了后续 这就是这几年国产影视届的现状 真nm可悲 就这还幻想着文化输出全世界呢 梦里想想得了 资本删帖控评真nm厉害 ,0
很一般  不算烂片 更算不上好片 不知道比夏洛特高在哪里 贾玲的营销确实蛮厉害的,0
