title,url,star,movie_key
弗罗拉与松鼠侠,https://movie.douban.com/subject/30238017/,6.0,0
哪吒之魔童降世,https://movie.douban.com/subject/26794435/,8.4,1
我和我的家乡,https://movie.douban.com/subject/35051512/,7.3,2
囧妈,https://movie.douban.com/subject/30306570/,5.9,3
半个喜剧,https://movie.douban.com/subject/30269016/,7.4,4
沐浴之王,https://movie.douban.com/subject/34894753/,6.2,5
一点就到家,https://movie.douban.com/subject/35069506/,6.7,6
乔乔的异想世界,https://movie.douban.com/subject/30170546/,8.4,7
疯狂原始人2,https://movie.douban.com/subject/24298954/,8.0,8
大赢家,https://movie.douban.com/subject/34670218/,6.8,9
温暖的抱抱,https://movie.douban.com/subject/34869362/,5.5,10
大侦探皮卡丘,https://movie.douban.com/subject/26835471/,6.5,11
两只老虎,https://movie.douban.com/subject/30196805/,6.0,12
受益人,https://movie.douban.com/subject/30299311/,6.6,13
玩具总动员4,https://movie.douban.com/subject/6850547/,8.6,14
极限逃生,https://movie.douban.com/subject/30210691/,7.5,15
平原上的夏洛克,https://movie.douban.com/subject/33400376/,7.9,16
小小的愿望,https://movie.douban.com/subject/30235440/,5.1,17
绅士们,https://movie.douban.com/subject/30211998/,8.3,18
爱宠大机密2,https://movie.douban.com/subject/26848167/,7.0,19
鼠胆英雄,https://movie.douban.com/subject/27073057/,5.4,20
勇敢者游戏2：再战巅峰,https://movie.douban.com/subject/30128985/,6.0,21
利刃出鞘,https://movie.douban.com/subject/30318116/,8.2,22
我的一级兄弟,https://movie.douban.com/subject/30143333/,8.3,23
好莱坞往事,https://movie.douban.com/subject/27087724/,7.3,24
冰雪奇缘2,https://movie.douban.com/subject/25887288/,7.2,25
变身特工,https://movie.douban.com/subject/27000084/,7.4,26
发财日记,https://movie.douban.com/subject/27594653/,6.0,27
行骗天下JP：浪漫篇,https://movie.douban.com/subject/30241102/,8.1,28
我是大哥大 电影版,https://movie.douban.com/subject/33400537/,7.9,29
多力特的奇幻冒险,https://movie.douban.com/subject/27000981/,5.9,30
丧尸乐园2,https://movie.douban.com/subject/4185834/,6.8,31
愤怒的小鸟2,https://movie.douban.com/subject/26863060/,7.0,32
雪人奇缘,https://movie.douban.com/subject/26929010/,7.3,33
黑衣人：全球追缉,https://movie.douban.com/subject/19971676/,5.6,34
跳舞吧！大象,https://movie.douban.com/subject/30259043/,5.0,35
刺猬索尼克,https://movie.douban.com/subject/25905044/,6.1,36
女警,https://movie.douban.com/subject/30204142/,6.9,37
秘密动物园,https://movie.douban.com/subject/30353076/,6.6,38
行骗天下JP：公主篇,https://movie.douban.com/subject/33476040/,7.3,39
砍人快乐,https://movie.douban.com/subject/34954336/,6.1,40
同学麦娜丝,https://movie.douban.com/subject/34902639/,7.9,41
一条狗的使命2,https://movie.douban.com/subject/27074316/,7.0,42
正直的候选人,https://movie.douban.com/subject/33441983/,7.1,43
好小子们,https://movie.douban.com/subject/27115166/,7.2,44
默片解说员,https://movie.douban.com/subject/30135942/,7.7,45
小羊肖恩2：末日农场,https://movie.douban.com/subject/26628382/,7.7,46
偷心女盗,https://movie.douban.com/subject/3230155/,5.8,47
寄生虫,https://movie.douban.com/subject/27010768/,8.7,48
2020去死,https://movie.douban.com/subject/35275115/,7.2,49
波拉特2,https://movie.douban.com/subject/4135439/,7.2,50
最初的梦想,https://movie.douban.com/subject/34787747/,7.9,51
真心半解,https://movie.douban.com/subject/33420285/,8.0,52
玫瑰岛的不可思议的历史,https://movie.douban.com/subject/34982759/,8.0,53
爱玛,https://movie.douban.com/subject/30361878/,7.3,54
1/2的魔法,https://movie.douban.com/subject/30401849/,7.7,55
树上有个好地方,https://movie.douban.com/subject/30299040/,8.0,56
棕榈泉,https://movie.douban.com/subject/30487597/,6.7,57
陈翔六点半之民间高手,https://movie.douban.com/subject/35207868/,6.3,58
我在雨中等你,https://movie.douban.com/subject/3882427/,8.3,59
伯纳黛特你去了哪,https://movie.douban.com/subject/21354767/,7.5,60
夏福特,https://movie.douban.com/subject/27116384/,6.8,61
丧尸未逝,https://movie.douban.com/subject/30274839/,5.7,62
谋杀疑案,https://movie.douban.com/subject/15077774/,6.2,63
克劳斯：圣诞节的秘密,https://movie.douban.com/subject/26858510/,8.7,64
咱们裸熊：电影版,https://movie.douban.com/subject/34822138/,7.5,65
世纪大劫案,https://movie.douban.com/subject/34966343/,7.3,66
昨日奇迹,https://movie.douban.com/subject/30165034/,6.5,67
必是天堂,https://movie.douban.com/subject/26923111/,7.6,68
漫画威龙之大话特务,https://movie.douban.com/subject/34957970/,6.5,69
海绵宝宝：营救大冒险,https://movie.douban.com/subject/26662159/,6.3,70
纽约的一个雨天,https://movie.douban.com/subject/27089612/,7.4,71
好梦一日游,https://movie.douban.com/subject/30371818/,8.1,72
舞女大盗,https://movie.douban.com/subject/30294313/,6.3,73
杀手寓言,https://movie.douban.com/subject/30255079/,7.1,74
绝地战警：疾速追击,https://movie.douban.com/subject/4014397/,5.7,75
辉夜大小姐想让我告白：天才们的恋爱头脑战,https://movie.douban.com/subject/30465281/,5.7,76
OK老板娘,https://movie.douban.com/subject/35127317/,6.5,77
与我跳舞,https://movie.douban.com/subject/30283209/,6.8,78
亚当斯一家,https://movie.douban.com/subject/4811807/,6.8,79
动物园先生,https://movie.douban.com/subject/30304015/,6.1,80
碧蓝之海,https://movie.douban.com/subject/34460303/,6.6,81
肥龙过江,https://movie.douban.com/subject/27131218/,4.8,82
腰间持枪,https://movie.douban.com/subject/27042748/,6.5,83
逗爱熊仁镇,https://movie.douban.com/subject/27063867/,4.7,84
始动,https://movie.douban.com/subject/34809353/,6.6,85
辣手保姆2：女王蜂,https://movie.douban.com/subject/34938650/,5.7,86
最好的尚未到来,https://movie.douban.com/subject/30411557/,8.0,87
窈窕淑男的日记,https://movie.douban.com/subject/34801957/,7.1,88
不可抗拒,https://movie.douban.com/subject/30482204/,7.4,89
我很在乎,https://movie.douban.com/subject/30482481/,6.3,90
亲密旅行,https://movie.douban.com/subject/30337935/,5.6,91
真雄起,https://movie.douban.com/subject/34955843/,7.4,92
哦！文姬,https://movie.douban.com/subject/30347027/,7.1,93
猫和老鼠,https://movie.douban.com/subject/3439312/,5.5,94
优步危机,https://movie.douban.com/subject/27603782/,6.2,95
鲍勃的圣诞礼物,https://movie.douban.com/subject/34884711/,7.5,96
大叔之爱：爱情或死亡,https://movie.douban.com/subject/30397096/,6.4,97
鹿皮,https://movie.douban.com/subject/30234197/,6.8,98
蜡笔小新：新婚旅行飓风之遗失的野原广志,https://movie.douban.com/subject/30394807/,8.2,99
