comments,star
虽然是一个格调不高的电影 但是拍得意外的真诚 宋小宝相比小沈阳有一个更低的创作姿态 整部电影甚至都不是一个喜剧 而是一段小人物在大城市的打拼史 借用了香港电影经典的 难兄难弟 模式和欧美电影经典的 意外之子 的情节设置 在这个电影市场 确实没有啥主流的商业电影愿意以外来务工的人员作为主角 讲述他们的喜怒哀乐 有些时候我们看不起网大 但是其实网大可能反而展现多一点我们生活中被忽略的角落 宋小宝作为导演来说确实挺稚嫩 但是作为演员来说 片中有这么几段的表演确实很打动人 片子要是精简一点 去掉一些奇奇怪怪又不好笑的笑点 反而会是一部口碑很稳的作品 ,3
有点可惜 可惜什么呢 可惜宋小宝到底还是个老实人 故事内容和导演手法都太老实了 以至于都老实得不敢上院线了 倒不是说这个片子多么好 而是2020优爱腾联手推出两部院线制作之一 王宝强是降维打击 又本身是亲民路线 宋放弃院线 也放弃了知名度 同时题材在年轻态的网络平台有点显得短板 应该咬咬牙上院线 至少把自己的知名度打开 但可能觉得宣发加入 在激烈的过年档反而回本堪忧 所以就这样了 可以对自己要求再严格点 赵本山这一派系对民间故事的把控还是可以的 ,3
什么人都可以当导演 二人转演员 小品演员 歌手什么的都能做导演  不是一个体系好吧,2
宋小宝一看就是真吃过苦的 有些人哪懂我们这种底层的心理 谋生不易 苦中作乐 宋小宝是把他的辛酸经历嬉皮笑脸演给观众看 多给一星鼓励,5
勇气可嘉 真诚可嘉 故事老套但完整 比小沈阳强一百倍 ,3
从开片的一星到结尾飙升至三星 出乎意料的是这不是为搞笑而搞笑的电影 有温情 有生活的心酸 反差cp的设定司空见惯 笑点没有特别低俗 有些设计很好笑 宋小宝沙溢张一山都演得很好 不妨一看 ,3
我愿意给宋小宝这部电影6 8的及格分 相比起肖央 小沈阳 他的这部电影从选角到故事剧本都算是及格 整部电影实话笑了很多次 但确实都在人保活的前提下 然后唯一的泪点其实在大爷对天意的爱 去世之时的无声表达到回忆里雨天接孩子 包括最后遗嘱里给天意留下的房子 所以人的感动就是不经意的点滴之情 而不是刻意渲染的悲情氛围 ,4
没上院线算是很良心了 态度也很诚恳 但总是差点意思 而且如今这种难兄难弟式的喜剧得跳出传统的戏肉 才会好看 ,2
1 本片告诉我们 外行做导演一定要找个好的摄影师 赵小丁作为本片的监制兼摄影 保证了全片看上去都是电影语言 2 宋小宝没有利用自己小品演员的优势刻意搞笑 也没有攒段子的观感 而是讲了一个完整的故事 以及适可而止的笑点 3 额外要赞一下 本片没有让设定为广州人的演员憋春晚上常见的伪粤普 ,3
三星半 半星支持分 今年不拜年无聊 躺床上手机看的 预期极低 看完还可以 宋小宝演这种鸡飞狗跳的小男人合适 喜剧人转行做电影导演普遍拉胯 翻车的语境里 宋小宝算微拔尖的 比其他几位相声演员弄的靠谱儿  忘说了 马丽 喜剧一姐再干十年没问题 yyds ,4
过年看看挺好 最值得鼓励之处在于尽管中国每年产出很多喜剧 但是很少有以农民工为原型的电影产生 改革开放五湖四海追梦人汇聚深圳的这段历史过去在银幕上也很少进行表现 宋小宝还是愿意扎根于生活 表现小人物 而不是为了搞笑而搞笑 不是段子凑成的电影 故事表现了父子 兄弟以及恋人等多种关系 情感充沛丰富 ,4
不太明白这部电影存在的意义 没找到任何点 ,3
挺真诚的 ,3
作为网大其实已经算是一部诚意之作 不刻意搞笑 也不再装疯卖傻 小人物才是喜剧演员的根本 宋小宝完成的不错 ,3
用心了 不错,3
两个东北男人在深圳教出来的孩子一口京片子,2
很真实的故事 为啥要取名发财日记呢 应该取名天意 有那点意思 ,3
这是二人转版 小偷家族 还是 夏洛特烦恼 外传 现实题材 基本没啥现实感 太假了 无源之水 再怎么煽情也都是尬 ,2
情感上来说宋小宝的审美挺真挚真诚的 起码不是恰烂钱那种 只是作为电影确实是极其普通的,3
大年初一和我爸在一起看的 根本不能算是电影 很多场废戏 尤其前半段的一些喜剧桥段 根本对电影主线没任何推动作用 就是为了搞笑而填进去的 段子小品小合集 但是还是有几处好笑的片段的 电影本身不算是纯喜剧 后半段加了很多和儿子关于家庭的元素 宋小宝人缘不错 一堆喜剧演员客串 而且宋演技还不错 在赵本山徒弟里算第一档的 但全片最好的还是沙溢 喜剧和严肃桥段都演的很好 节奏太赶 拍得跟流水账似的 而且有些地方没交代清楚 但影片整体还算完整 毕竟宋小宝一个跨行做导演的人的处女作 要求不能太高 远超出预期 绝对算不上烂片 我感觉宋小宝第一次当导演没经验被骗了 这片是前两年拍的 这个质量拖这么久不上院线 最后选择网播 少赚了不少钱 5分 电影本身2星 加一颗星是因为我已经很多年没和我爸一起看一部电影了 ,3
看过最优质的网大 没有之一,5
那个劳动合同我至今没看懂 我以为是两人合伙开店铺了 结果不是 ,4
比唐人街3强,4
大年初一本来就是是要看喜剧 其实电影里并没有说多少 发财 的事儿 也并不算什么喜剧 这部电影更多的是在讲述一个关于底层老百姓努力奋斗的故事 算是一部 喜头悲尾 的电影 在这部电影中 或许宋小宝的演技实在不算精湛 可他所传递出的温情 的确让人动容 ,5
意外的还不错 多一颗星给宋小宝 只因他的诚意 作品用心不兑付 还有一颗星给所有演员的表演,5
瑕不掩瑜 宋小宝真的走心了  ,4
尽管不喜欢宋小宝 但这部电影不错 希望东北喜剧再复荣光  ,5
这俩小时 我干点啥不好呢 ,1
"我觉得都比唐探3好看是咋回事   张一山同学 你可好好选剧本吧 别浪费你的好演技了",4
一部一本正经用足资源和资金的烂片 故事七拼八凑 人物莫名其妙 段子生拉硬拽 喜剧效果仅限于演员自身魅力 浪费了一堆好演员  特别是张一山童年的几个男孩演员 有灵气 可惜,1
故事一般 表演一般 节奏一般 笑点一般 非常一般 但是能看出来宋小宝特别有诚意 就是实实在在 没把观众当傻子 这份诚意就值及格分了 ,3
比我预期的好很多 特别是几位演员十分的给力 马丽不用说了这种角色跟她在夏洛特里面的有些雷同但是比她在夏洛特里面单纯的傻傻的付出来说更有魅力些 最大的惊喜就是老大爷了 印象最深刻的就是他对天意的溺爱 比如送他进幼儿园的时候暴打小宝在雨中接小宝回家 爷爷真的是十分出色 导演宋小宝真是演出了一股老实人 打工人 好父亲的味道 沙溢则是一个让人恨不起来的二大爷,5
还是有诚意的,3
高于预期 本着烂片的心态看的 结果出乎意料 宋小宝沙溢找工作和开船那笑死了 发自内心的笑 喜剧功底确实不错 沙溢这戏是个亮点 演的拔尖了 宋小宝开来影视圈内的人脉真不错 汇集了本山传媒和开心麻花和一众明星们 都挺给面 张一山戏份虽然不多 吵架对手戏确实飙的不错 演技方面妥妥超越宋小宝 三代没有血缘关系的人最后成了一家人 其实这个题材挺感人 但是确实有点俗 而且宋小宝适合演小人物 这部戏里刻画的唯一问题就是他太没缺点了 有点脱离现实 给高分吧 良心剧了 ,4
不上影院圈钱 就值得多给一星,3
期待 宝哥的电影一定支持 ,5
这片子还真不是想象的宋小宝喜剧 其实不错 不过好像被春节档的阵势吓怂了放网络上播  我觉得起码电脑上花那几块钱是值得的,4
蛮真实 普通人的一生 全员演技在线 笑点泪点衔接流畅 也不尴尬 就是没看到什么宣传 ,4
诚意和情怀都有 喜剧和悲情也够 但堆砌的东西太多 有的没的不少 总觉得差口气 总之 比东北F4之前搞的那些电影强那么一点 5,3
虽说有些地方看起来很尬 但整体质量足够选择上电影院了 选个好的档期 票房不会太差 ,4
这是一部宋小宝的朋友圈 或者可以叫被宋小宝绑架的电影 片名叫 宋小宝深圳奇遇记 或者 宋小宝的奇遇人生 更合适一些 跟发财也没啥关系 从头到尾想当然 毫无逻辑和铺垫 剧情推动全靠编剧硬堆 想要捡孩子孩子马上来 想要孩子变坏孩子马上变坏 想要二哥发财二哥马上发财 想要二哥失败二哥马上失败 想让儿子欠钱儿子马上欠钱 捡孩子不想要愣是送给人贩子也不报警 被打趴下叫出租车不叫救护车 流水账一般的叙事 纸片一样的人物 观众高兴不高兴不知道 反正宋小宝肯定高兴了吧 ,1
看了那么多辽宁民间艺术团演员主演的网络电影之后 我对 这部电影原本期待不高 光看名字就觉得可能是个烂片 怀着这种心情看电影会大吃一惊 居然出其意料的好 不少喜剧包袱非常搞笑 煽情的部分也很到位 说实话还挺感人 一改之前辽宁民间艺术团其它演员的尬包袱 硬煽情 而是一股开心麻花的风格   一看演员列表 女主是马丽 主要演员里还有艾伦 魏翔和韩彦博  都来自开心麻花 其它主演沙溢 张一山 肖央 王祖蓝也都是专业的喜剧演员 虽然也有9位来自辽宁民间艺术团的演员助演 但是他们毫无存在感 要么露个脸 要么就一两句台词   看来宋小宝已经找到了拍好电影的密码 就是尽量不用辽宁民间艺术团的演员 他们小品和乡村剧做得很好 但是搞电影是真的不行 因此总感觉比开心麻花和德云社低一等  发财日记 无疑是成功了,4
 打分包括了国产鼓励分和作为死女权狗看国产喜剧难得没有被恶心到的加分 后一个小时拖成啥 完全可以压缩在20分钟以内 挺遗憾的 因为非常意外其实前面还不错  当然我对国产娱乐片没啥逻辑要求 老套也就老套了 不恶心人就行 能做到的真挺少的  这里除了儿子上学之后那条线 明明小时候那么可爱 以及煽情部分太太太太太太过于拖沓之外没啥大毛病  哥俩太好笑 沙溢竟然可以不怎么油腻了 东北基阳红兄弟情扛不住 捂脸   女主马丽也好 虽然我都不认识她  主要演员算是全员演技在线 张一山不行不过他这个角色就不行 片尾曲居然刘德华跟宋小宝合唱从来没觉得刘德华唱歌那么好听 突然发现宋小宝某些角度看起来像黑丑版大张伟老师 凭这句话被大老师打死不冤,4
说实话 感觉有点黑深圳 二哥发了三次财 分别是靠炒股 靠卖假生发药水 和继承房产  辛苦干活的小黑一直也就那样 对比太明显了 对深圳的不了解太严重了 而且学生歧视把天意搞成了二流子 真是不应该设定深圳这个背景 跟深圳的创业精神一点没挨上 ,3
格调土low 剧情狗血 节奏混乱我也就认了 起码看着挺真诚 但是我要看的是东北外乡人勇闯大都市的公路喜剧片啊 谁要看一大半的家庭伦理父子亲情片啊 真喜欢这个选题 有点浪费了 可惜,2
又浪费了我在人间的两个小时 心疼我的六块钱,1
网大质感 晚会呈现 节奏和编排都很突兀 一贯的电视晚会的小品剧粗糙感 廉价而庸俗的商业电影 看得出宋小宝挺有诚意的 值得aqy的6块 ,2
对不起 还是不太能吃得下 宋小宝姿态够低 底层小人物奋斗打拼史 可到最后就变成了一个接一个坎的堆砌 完全没有那种和时代背景相融的顺滑感 宋小宝做导演的处女作 技法什么的是没有的 资源其实已经很不错了 但是光有所谓的真诚 其实还是远远不够啊 张一山的角色太糟糕了 片子也没必要拉这么长 节奏比较差 一星半 ,1
其实比预期要好 大概也就好在 宋小宝反复强调的 那个真诚吧 可惜的是 现在我们拍喜剧 真的也就只剩真诚了  ,2
力挺宋小宝  命是真的苦 命运对他是真的不好 所以长的黑长的矮  但是成就很大 赵本山大弟子不是盖的 小品造诣已在某方面超越赵本山  养孩子很辛苦 很辛苦 想到了我爸 不禁泪流不止  发财日记挺好的 日记要有 不然怎么可能会实现呢 ,5
宋小宝得有多自负才能拍出这玩意儿,1
小品级别的网大 比想象中的要好 应该是第一次做导演的缘故 时间和节奏的把控上都有点问题 要是只抓重点 打工  再把时长控制控制 效果可能会更好些 ,2
低俗恶臭 管陪酒的叫老婆 二哥说小宝是处男 路上捡了一包丁字裤情趣内衣 还说是口罩 路上偷香蕉 估计内心又是我寻思妹人要呢 和家人看的 我脸都绿了 ,1
超出预期 有诚意 虽然有些莫名其妙的桥段很不合理  最精彩的部分是宋小宝 马丽和张一山冲突那一段 演的真不错 虽然张一山一贯咆哮式 还算兜住了 ,3
通化新浪潮 按 马大帅 期待的 结果看了部 樱桃  ,3
马丽已经那么红了 那么有影响力女演员 钱更不缺 我不懂她为了什么自毁自己演这种烂片 其实很喜欢小宝但这玩意太垃圾了 ,1
张一山撕心裂肺的嘶吼式演技真的让人已经感官上的生理性不适了 他的浮夸演技与整部剧的节奏就和他那脑袋上惯性暴起的青筋一样让人觉得又尬又不舒服 电影格局不大但算是合家欢老少咸宜还算有趣 应该上院线分一些票房去 网络上映意味着一小时后资源就会出现在所有盗版在线视频网站 故事倒讲的很清楚 偷鸡摸狗走捷径的沙溢其实过得很爽 马丽辛辛苦苦奋斗了半辈子不抵老头走后留下的那套拆迁房 宋小宝奋斗半天啥也没得到还是伺候好老头得到了这套拆迁房比较上道 所以在时代背景下 努力半生 不如家里有房拆迁 天意上学之后与宋小宝这个渐行渐远到完全割裂拍的最完整最有真情实感 ,4
这故事内容与片名 发财日记 有些文不对题的感觉   听到插曲 罗大佑的 恋曲1990  小惊喜一下 ,3
有点意思,3
起初不是很看好网剧 感觉宋小宝适合演小品不适合电影 主要是受他的几位师兄弟的电影影响 但是看完后 有点点感触   剧中有一幕 宋小宝和二哥去找活干 宋小宝脖子上挂着一个找活牌 之前在某综艺活动也讲过这事 宋小宝一路走来艰辛困苦 但好在能吃苦 勤奋 靠着这些混出些名堂   艺术来源于生活 电影讲述小人物的艰辛奋斗历程 但是感觉内容太杂表现的东西过多 没有特别出彩的地方 电影或许拍的不够好 但看得出真心诚意 导演处女座 比一般的网剧强 而各个演员也演技在线 一看二哥老白就想笑  不尴尬 不过分煽情 不强行搞笑 单单这些就比好多圈钱的网剧和电影好太多 ,4
不知道打低分的怎么想的 这种不尬 不煽 只是恰到好处的温情电影怎么就不能入你们法眼 反正六块钱花的值 挺小宝 加油 ,5
陪爸妈看了一下 宋小宝还是有点追求的 和赵四儿演的那些电影不一样,2
冗长又无聊 笑点不多,1
挺好的小孩长大之后咋就变成猴了 拒绝打宋氏孤儿亲情牌 郭京飞咋胖成这样了像沙溢似的,2
基本在各种电影里拿点东西拼拼 凑上一堆大舞台的正能量二人转,2
一路看一路都没看到是如何发财的 有也只是短短的炒股的几分钟而已 还有一住就是十几年的房间和如同一家人的温馨  以及大火晚上烧 白天烧完之后消防员都没找到他 他却自己走出来的小宝 这两处的剧情设定也真是太扯了 做为宋小宝自导自演的首部电影 抱歉 还真不能算是合格 ,2
张一山以后是不是就只能演混子了  ,2
又名可以叫 宋小宝深圳旅行记  评论说有诚意 真的有诚意 这个片子就不会被这种方式拍出来 靠喜剧演员打卡式强行堆砌 设计的喜剧桥段多烂梗且庸俗 捎带跑偏的流水线叙事 我是真的欣赏不来 能力是真的没能力 姿态还是放的挺低的 这点比 温暖的抱抱 强 但不能因为是处女作就可以容忍片子暴露的短板和问题  欢乐喜剧人 里宋小宝作品带来那种新鲜感 作为优秀的品质在这里都丢失了 只剩刻意的温情 明明都是东北人 为什么还在影片里放大对东北人的刻板印象 不理解且很拒绝 ,1
能看出诚意十足 可惜才华有限 整体趋于中庸 有些地方用力过猛 不过倒也符合该片网络电影的定位 凑合看 假如上大银幕的话 可不是现在这个评分喽,3
5分 这是一部反映改革开放40年的影片 立意是很好的  不忘初心 方得始终 在宋小宝饰演的主角身上表现的也非常传神 但是电影真的有些粗糙 宋小宝和张一山的一些表演处理的也不好 一个过分柔 一个过分刚 ,2
这也能叫电影 这也能叫电影 ,1
电影不算高级 但是我觉得能让我看下去 不是让人难受的假煽情 过年一家人一起看看可以的,4
宋小宝作为导演的第一部作品 我觉得很有诚意 用心拍了 笑中带泪 没有像其他人一样直接上院线圈钱 希望他再接再厉 下一部我希望在电影院里看 ,5
谈不上什么手法 主题跟剧本适合注注水做成电视剧 可能能跟乡村爱情比一比 电影就算了 ,2
把小品集合起来 捆绑起来 拼凑成为一个多小时的集合不是电影  坚持看完   就如同 麻辣小龙虾连吃了2顿也会反胃   ,1
鸡飞狗跳般好笑是真的 烂俗是真的 比开心麻花上了院线圈钱的片子更好也是真的 人善天不欺 爱与亲情不在于血缘是大主题 整个剧情其实挺脱离现实 但宋小宝演底层小人物的艰辛不出戏 谁能想到现在继承着当年老式港片江湖道义精神的是这些东北人的喜剧,3
就沙溢的部分好看 张一山演的什么东西,1
拍的很好啊 温暖又细腻,5
真的太太太太太太太太土了 我超级喜欢宋小宝的 看他弄出这种东西我好难过,2
全市百家影院关闭 幸有网播电影照顾封城的群众 剧情不要抱希望 演技全员在线 祝大麦吧,4
我怎么这么不信这剧本里面的任何人会写日记呢  是我想象力不够玄幻吗 这就是个俗套的电视剧剧本 拍电视剧都没人愿意投资 想靠电影能捞一笔 宋小宝口碑崩溃之作 并且把一群演员都拉下水了 ,1
想给三星半 只能发四星 没事 网大新突破 人物描述前半段非常棒 艺术与生活的关系呈现出内味儿了 后半段有点过 结尾唐突交代不清晰 算是成功的叙事 前面文艺后面就是过分商业像极了烂尾小说 但还是进步巨大比起隔壁强太多 ,4
可能大家和我一样 一看到演员阵容 都会下意识认为是一部喜剧 搞笑 轻松的合家欢片子 笑一笑就完事了 但看完才知道这一次一帮喜剧演员一起认真真实的演绎了一次 小人物的真善美   宋小宝首次执导的电影 难能可贵的完整真实 本色出演的他完美的诠释了一个农村到大城市底层人的前半生 可哎可叹 哎之心酸无能 叹之真情善良 作为吃百家饭长大的他 本就衣不果腹的他 为了一个毫无关系的弃婴奉献了他的所有 只因他不想孩子从小人格缺失 宁愿被误解也要保留孩子最后的尊严 因为那滋味他自己经历过 我自认为是一个泪点很高的人 但是看完还是不禁两行热泪悄然落下 宋小宝这次真的很可以 不上院线可惜了 估计上了 也没贾玲啥事了 全片总体可以有7分 再加一分鼓励分 真的很不错 算是演员里转导演少数不拉跨还能触动心弦的了 ,4
姿态很低 可以看出吃了各种苦 客串阵容可以 可惜剧本太平了,3
接近三星 能看出宋小宝是用了心的 至少态度端正 ,2
看得出有诚意 但故事节奏不太好 前松后紧后面紧得事儿都没讲清楚 表演很多场以小品的方式演过了 比如乔装卖内衣被追 ,2
因为看宣传是走搞笑路线 就当喜剧看的 却笑不出来是多么糟心的感觉 小品煽情也就算了 一堆喜剧演员拍出来个苦情片啥意思 情节不能再老套 为了矫情而矫情 再有诚意有什么用 ,1
先不说才华啥的 宋小宝起码挺真诚 再说回到才华 确实差点意思 勉强算能看吧 ,2
宋小宝的诚意之作 即使剧本的套路已经是非常套路了 但就是这种俗不可耐的套路却是许多沉默不语的外来务工人员的真实写照 踏实认死理 默默付出 凭借朴素价值观和责任感来支撑起来社会赋予他们的角色 不卑不亢坚持自我 在艺术电影越来越曲高和寡追求作者特色 挖掘生活奇异的点 商业片越来越精准号脉城市中产的热爱 这种土气却真诚的作品却是难得的 可以说这是中国在城市化市场化大潮中存留朴素农业性的价值观体现 再过二十几年这样价值观电影可以说会丧失其存在的土壤 并且消散在日趋标准化讨好化的文化市场里 ,3
我的天啊 什么乱七八糟的东西 ,1
不好看 有的笑点很低俗 ,2
真实真诚不做作 鼓励 与沙溢的兄弟情塑造的不错 与马丽和张一山的感情线就差多了 张一山表演有问题 太突兀 整部剧剧情有若干逻辑问题 我始终对有诚意的国产电影报之以最大的宽容 ,4
不得不说 宋小宝初次当导演超出我预期了 竟然还不错 比王宝强的少林寺强了不止百倍 ,4
挺意外 没有刻意搞什么年代情怀 也没有恶俗的笑点 和沙溢的难兄难弟也是很经典的设置 最可贵的是宋小宝给电影里真实的底层人扮相很写实 甚至电影叫发财日记也没有灌输什么奋斗论 暴富啥的酸臭鸡汤 这可能是春节档最接地气以及受众最接近大众群体的合家欢电影了 ,3
还挺感人的,3
我妈要看 就花6块钱买了让她看 看完觉得比在电影院花60块钱看别的电影值多了 虽然电影节奏稍微跟剧情有点搭不上 但是不耽误整体推进 宋小宝可惜了没小品里那么搞笑了 不过幽默中带着温情 虽然老套 但是很适合过年合家团聚一起看的电影 ,4
虽然剧情很套路 煽情很刻意 导演水平很一般 但可以看出诚意 电影三星 加一星鼓励分 ,4
同样都是喜剧演员导的电影 这部可比宋晓峰导的 让我过过瘾 差太多啦 如鲠在喉 如芒刺背 如坐针毡 剧情太狗血太烂啦 而且不好笑 2个小时看着都累 ,1
虽然是很流水没新意的老套故事 不过整体的完成度还算不错 能看到主创的诚意和用心 很多细节和时代影射也很走心 所以愿意给及格分 ,3
能看出哪些是宋小宝心心念念想拍的 水平就这样 但挺真诚的 沙溢跟画风挺搭 强两星 ,2
其实不难看 主题还是接地气 朴素的善良因果故事 惊喜的是 背后一条线是深圳经济发展背后的一代农民工群体写照 金牌配角们出镜不多 但是每个人都有表现空间 相对来说 张一山感觉是从 鹿鼎记 片场来串了个戏 电影不是阳春白雪 每种类型的电影都有他的受众 ,3
宋小宝自编自导自演 张一山很适合演这种角色 看好自己贵重物品 没去过深圳 以后一定要去看看 幼儿园学费真贵啊 一万多 竟然还有枪战戏 杀马特起源于20世纪70年代的朋克 Punk 文化 它所代表的是一种另类甚至是怪诞的青年形象 这群另类青年不断挑战大家的审美神经 他们被称为 杀马特家族  ,3
看到了真诚和用心但剧本太老套了,2
我觉得我看了一场好久之前的电视剧  ,2
一个给你欢乐的喜剧电影 不要那么苛刻 其实我是当小品看完的 哈哈哈 巨搞笑 何况演员们都是我喜欢的 大过年的 欢乐第一嘛   人家宋小宝和沙溢都演得挺好  加上感情分 必须四颗星 ,4
好看 前半部分马大帅 后半部分刘老根 名师出高徒啊 ,4
我的天啊 什么乱七八糟的东西 ,1
宋小宝作为导演的第一部作品 我觉得很有诚意 用心拍了 笑中带泪 没有像其他人一样直接上院线圈钱 希望他再接再厉 下一部我希望在电影院里看 ,5
剧情老套了一点 宋小宝不适合这样的电影吧 整体其实还算完整 可惜主角太出戏 还是演小品吧 ,3
我还花了六块钱点播 一半都看不下去 太尴尬了 ,2
诚意真的是有的 比德云社那一套香多了 奈何活太糙,2
同样都是喜剧演员导的电影 这部可比宋晓峰导的 让我过过瘾 差太多啦 如鲠在喉 如芒刺背 如坐针毡 剧情太狗血太烂啦 而且不好笑 2个小时看着都累 ,1
节奏很慢 流水账一样 但意外的很温暖 宋小宝的第一部电影 拍成这样算是意料之外了 不是烂片 还是值得一看的 ,4
喜剧演员好好演喜剧吧 别跨界了 真的 ,2
本来只值两星 但在隔壁 少林寺 的衬托下 再多给一星吧 ,3
从头到尾看不到怎么个发财法 从没有孩子到孩子长大成人短短的几十分钟就完全讲完了 中间缺失了太多太多的细节 而且前半部分都是在讲一些段子和喜剧 剧本真的是太老套了 里面演的很真 但是完全代入不进去 可能是因为时间过得太快了 几十年间小宝家并没有太大的变化 完全不科学 二哥发达落魄也是瞬间就转换的 太不合理了 ,2
其实还可以 挺适合大过年看的贺岁片 也能看出宋小宝诚意满满 笑点泪点都不算很刻意 还有很多明星 沙溢张一山演技都在线 特别是沙溢太好笑了 虽然最后的那段高利贷大哥上门讨债还是套路的让人尬的抠了一下地板 但也还凑合了吧,3
拍的很好啊 温暖又细腻,5
看了三分钟关了 剪辑剪的像个der一样 ,1
三星给沙溢 有诚意没飘 知道不行 上网大不上院线 说不上喜欢宋小宝 喜剧舞台永远都那一套耍狗坨子 抄网络段子吃老本加两声魔性的笑声 审美已经疲劳了 初来乍到拍电影还算及格 他要感谢沙溢 无本之木的架构太死 电影让沙溢演活了 没有他这片子不值一提 即承包笑点又不失营养 如果题材改成公路片 片名叫 宋小宝奇遇记 效果会更好 不怕俗就怕尬 二人转转型到小品 又拍电影 应该是和贾玲商量好了 谋生不易 苦中作乐 艺人也是普通人 但逐渐的深入娱乐圈后 名与利的交织 有多少人依旧怀着曾经那份初心 还会想起当初那个普通的自己吗,3
真不错  老沙真的好会  故事我觉得挺清楚的 小人物小故事 被触动了  ,4
原以为的装疯卖傻 几乎没有 诚心之作 大过年的必须加一星 这要是放在院线上映 票房可期 ,4
真是不好看,2
疫情原因 哈尔滨春节电影院还没开门 就打开腾讯视频找一部喜庆点的电影 前半部还是很搞笑的 后半部已落入俗套 这种喜头悲尾的电影真是太多了 ,2
虽然但是 这片真的比 人潮汹涌 好看 有趣 且有诚意 那么1           ,2
宋小宝导演处女作 发财日记  东北老炮儿南下深圳搞钱 记录了这个发财城市的高光时刻 深圳是一个欲望与梦想的城市 喜怒哀乐就是这个城市打工人的日常 ,3
干脆改名字叫宋小宝的意淫日记吧,2
还可以 起码不让人讨厌,3
太老套 太无趣了,2
完全是一场闹剧 故事土味又烂俗 全片像是一段段割裂的小品拼凑而成 几乎全靠巧合推动情节 没有现实逻辑可言 人物情感也莫名其妙 笑点低俗 煽情廉价 转折生硬 这么多优秀喜剧人的表演完全被浪费 拍电影是一件门槛很低的事儿吗 ,1
底层小人物充满温情的艰辛奋斗史 最后的大团圆结局在情理之中 宋小宝初当导演表现还算合格 选择流媒体上映是个明智的选择 要不然在 唐人街探案3 和 你好 李焕英 的左右夹击下必然死的很惨 ,3
不断折腾 不断没有成功 没有跟着90年代至今的经济跃飞奏一曲励志大梦 港式庶民喜剧的一个变形回响 时代变幻 日子走着 小人物抱团获取暖意 80后的宋小宝 肯定有些港片情结 90年代那会他正青春 片里的深圳就是他借的香港 甚至还码了出90年代初港片惯有的壮烈惨斗戏 结局顺了喜剧片的团圆习惯 相比故事 和刘德华合唱 天意 倒可以说是炫耀式的圆梦了 ,4
前半部分挺感人 中间拉胯剧情太扯 后半部分纯狗血了 孤儿收养孤儿 最后强行大团圆 宋导的电影之路还需要继续努力 ,3
如果能更集中在亲情上就好了 爱情和友情两条支线的取舍做的不太好  但还是很惊喜 应该上院线的 ,4
和李焕英比起来 这部才是真套路真煽情 但宋小宝还是比小沈阳强多了 可能赵本山这一脉弟子拍电影都不太行 掏心掏肺也不会出好电影 哪怕是拍不那么像电影的电影  不过话说回来 这些年拿不少票房的喜剧人确实走心 他们的长项恰恰是为很多电影人所不耻的 比如 迎合观众 在喜剧演员那儿是专业性的一部分 所以在特殊电影市场环境下把窄路走宽也在意料之中 贾玲把李焕英拍成了阳光灿烂的母亲 宋小宝自己演了个忍辱负重的父亲 这么一看 社会中理想的父母角色究竟是怎样的似乎都有答案了 因为可能恰恰相反 大多数母亲都不幸福 大多数父亲都在受辱和失败中一蹶不振 ,2
能看出来宋小宝挺老实一孩子 中规中矩的喜言悲 大过年的看这种父爱片真的会崩 养恩大于天吧 这种组合家庭真的是人间最平凡的温情 其实很多不知道而已 人本性是善是恶 就看你怎么选了 愿世间的好人一生平安顺遂 ,3
什么玩意儿 ,1
天意,2
整体来看很不错 作为导演的 处女 作品来说对节奏的把握至关重要 在这部电影中能够看到欢笑 也能够看见感人的部分 可二者间的协调性就有那么一点突兀 衔接的并不流畅 在片中可以看到一个底层的小人物是如何伴随特区的发展而不断发展的 题材不错 ,3
坚持看到60 左右 实在不行关闭了 想找腾讯退6块钱,1
肯定不值五分 不过我老还是给了 就当这是那个被去掉的最高分吧 没办法 怀旧的背景 最爱的老歌 完整的故事 最好的 喜剧 演员 每一样都是戳我老的痛点 哪怕故事老套 哪怕结局仓促 哪怕  还真的被催泪了   我用尽了全力 过着平凡的一生  我们每个人 又何尝不是那个总是用尽全力的宋小宝 ,5
开头有些不适 坚持了下竟然还行,3
打工人宋小宝的故事,3
可以极致一点,2
上半截和一般的小品演员作品没太大区别 一路都是段子锦集 后半段才是宋小宝真正想要讲给人的东西 这些东西是东北糙汉子的动情时刻 什么父子情 爱情 亲情这都不是重点 像是一个中年男人喝多了酒 不经意的说出的那些不成规则的话 一边说还一边痛哭流涕 虽然不如上半段好看 但是却动人多了,4
小型电视剧 毫无电影语言 ,2
白瞎了我的12块钱  ,1
姿态很低 确实也只能是网大 ,2
演小品挺好的,2
躺在沙发上有点懊恼 因为早上损失了6块钱 ,2
6 比贾玲那个电影感更强 更适合上院线 ,3
笑着落泪的电影,4
比侍神令稍微强点 ,3
鼓励一下 宋小宝当导演还有点潜力,3
宋小宝自编自导自演 这个水平可想而知 他想努力拍好一部电影 但电影跟小品确实不一样 不走院线也是对的 其实主要讲的是宋小宝捡的孩子跟自己之间的父子亲情 基本上和标题的 发财日记 没有什么关系 电影太长 节奏太慢 还有价值观已经顶到头了 就是贱命一条 有什么事儿都能牺牲贱命 沙溢演的二哥最后通过在电视上当骗子卖生发水赚了钱 马丽也嫁了他 但是他啥都没有还是贱命一条 不是因为主角光环 那就啥都没有 ,2
宋小宝 赵小丁 叙事松散 混乱,3
没想过有一天会对宋小宝刮目相看 并不是说电影的质量有多么高 而是态度非常诚恳 用拍摄电视剧的手法 讲述了一个细腻真挚的故事 对于第一次做导演的人来说 是值得肯定的,3
能看出这部电影的用心 绝不是为了骗钱拍的 每个演员演的都非常好 但这是电影 电影逻辑差了太多 感觉每个场景逻辑还是小品 ,3
对于这些在深圳奋斗三十年的人来说 最可悲的是开始买不起一套房 之后就更买不起一套房 ,4
天意成长过程交代得不够清楚 张力有所欠缺 ,3
怎么说呢 虽说是烂片 但是还算有诚意  比其他人好很多 比如说小沈阳李晨王宝强那种纯粹捞钱的要好点 天意爷孙那段是这电影的精华 养子单亲问题也值得去思考一番,3
小人物的悲欢离合 三星及格,3
宋小宝的大江大河,2
真的不行 ,2
因为有几个熟人演员 整体能看下去 沙溢和宋小宝演技真实自然加之贴近生活的真实故事成为影片吸引人的一部分 导演的合格作品,3
宋小宝用心了 但就那水平 乐呵一下就行 生活 不能没有二哥,3
6 本以为也会像其他演员一样 烂片预定 没想到还算不错 剧情很俗套很老土 但从中能感受到宋小宝的真诚 其他演员圆满完成了自己的任务,4
宋小宝导演处女座 虽然青涩到情真意切 四星鼓励祝好,4
内容太多 更适合拍成电视剧 现在变成为了叙事拼命赶时间 每件事都一笔带过,3
老套但不恶俗 不容易 四星鼓励,4
get不到点,3
感受到了诚意 多给一颗星以示鼓励,5
过年看看挺好 最值得鼓励之处在于尽管中国每年产出很多喜剧 但是很少有以农民工为原型的电影产生 改革开放五湖四海追梦人汇聚深圳的这段历史过去在银幕上也很少进行表现 宋小宝还是愿意扎根于生活 表现小人物 而不是为了搞笑而搞笑 不是段子凑成的电影 故事表现了父子 兄弟以及恋人等多种关系 情感充沛丰富 ,4
这片要上院线可能小黑马 一样是设定特定的年代 一样是7位编剧一起攒的段子 而且很直男癌 为很多过年的普通自信的男子一些英雄气概的可能 而且非常下沉 ,2
没有上院线 是真诚的失败 宋小宝把自己血淋淋的真诚送给了网络平台 是贺岁档一次草根对学院派的露怯 那为什么是小宝就胆怯了 而贾玲就敢上呢 小宝为啥不去找找深圳的文化扶持基金来上院线呢 太可惜 说句我真诚的观后感 这是我在当今中国的所有作者电影里面最仰视卑微的视角 如果不是小宝为了喜剧身份的刻意设计的包袱 甚至会是难能可贵的剧情片 辽宁民间艺术团奉献了他们在电影银幕上最上档次的表演 肖央 马丽 沙溢 能让香港难兄难弟的风格落地深圳 在我看来是深圳相关影视作品中最好也最说人话的作品,5
比较诚恳的作品,3
第一次见到宋小宝导演的电影 感觉还不错 最少把故事说明白了 笑点也有一些 给个4星奖励一下吧 ,4
剧情也不连贯 节奏也不对 故事发展也不合逻辑 还强行大团圆 就像是各种小品的拼凑 真的不是能导小品就能拍电影的 ,2
所有人演的都很好 宋小宝沙溢马丽艾伦还有肖央 有笑点也有泪点 能看出来宋小宝真的有生活经历 但能不能下次别用张一山了 不知道的还以为鹿鼎记的韦小宝得了躁郁症穿越到深圳了 ,5
哈哈哈,2
同样是喜剧演员拍电影 我觉得还行 ,3
别的我就不挣扎了 我就想问问三个东北爹妈一个广东老头在深圳拉扯大的孩子凭啥一口地道的京片子 ,2
看似感人 但是拍摄手法太简单粗暴了 这部电影的故事思维还停留在上个世纪90年代 ,2
认真诚恳地做事 做得不够好也是憨直可爱的 ,2
剧情老套 后半部分拉胯 宋小宝尽力了 张一山这个角色选角失败 他现在只有 北京胡同里的流氓混混 一种戏路了吗 深圳长大的也一嘴京油子 无语 ,2
2,2
鼓励一下喜剧吧,3
宋小寶自編自導自演 超出預期 ,4
本来很担心又是一部半吊子二人转闹剧 宋导靠谱 故事也还不错 娓娓道来   小孩儿小时候特可爱 谁演的 表里没写 ,4
感觉有马大帅的影子,3
结局还可以,2
还不错 小宝是想演正剧的 但一看到他就严肃不起来 哈哈 整体完成度可以 有些小细节还是节奏快了 ,4
小品集锦,2
不是干这个的就别过来裹乱了好不好 还有张一山 你丫演技是一点儿没张 毛病倒是越来越多 ,2
3 5 挺简单但挺真诚 即便是纯男人戏 能够做到没有恶俗下流的段子 对女性的物化 以及令人不适的男性凝视 就挺好,3
沙溢演技最好 其次老爷爷和肖央 这一对比就太明显了 其他演小品的 喜剧人 还是太像小品了 和沙溢都不在一个层次 剧本烂就不说了 大家都知道   ,2
5 6  比之前那些圈钱的好多了 虽然故事老套和平平无奇 但总算不乱尬了 完整的亲情剧情片 就是有点啰嗦 拖泥带水 跑步都跑了三分钟   泪点有点老套 笑点也不时尚 但宋小宝算还是比较有诚意的 而且没上院线 所以加一星 ,3
没啥意思   ,3
评分 7 5         一次无比向往的发财之路 一场突如其来的奇妙缘分 一段难以割舍的养育之情 生活很苦 缘分很奇妙         一路鸡飞狗跳 嬉笑怒骂 尝尽酸甜苦辣 历尽沧桑 生活所迫 依旧不舍纯朴善良 所有的选择 终将自己承受 过好自己的人生 无怨无悔         虽然时间有点冗长 没有过多的搞笑色彩 回归生活亲情本身 宋小宝的导演处女秀 及格分以上 ,4
这个电影是不是开心麻花和刘老根大舞台 准备开拓深圳市场合资研究这么一个视频 准备看看南方的观众朋友对北方土特产是否欢迎 电影故事简单 想要表达小人物 你要么逆袭 要么卖惨 你这最后来一个坑爹什么套路啊 ,1
居然不恶俗 不招人讨厌 甚至还有点想法,2
父子情仇 拍来拍去没什么新意 宋小宝 张一山 怎么看 都是从头发丝到脚巴丫泥的虚伪 ,1
故事稀松平常 笑点几乎没有 宝哥还是别当导演了 好好去演喜剧吧,2
能够看出宋小宝很真诚 也很努力 请众多喜剧演员客串也是很讨巧的手段 但整个电影看下来 只是感觉平庸 制片方也是很有自知之明 只在线上放映 如果放在线下 还是春节档 钱可能多赚些 但被骂的概率也大得多 放在线上是对的 来日方长 第一个电影就当练手 期待小宝的下一部 ,3
宋小宝的演技还不错  ,3
可以再浮夸点 矛盾点不够凸显 看得没劲没劲的 哎    ,2
这是啥啊 宋小宝旁白 开始就是沙溢跟人滚炕头 然后去深圳夜总会给自己加戏摸妹子 剧本贼土 海报还碰瓷星爷的喜剧之王 你也配 ,1
花钱了没怎么认真看   ,2
前半部分还不错 后面有点狗血 角色选的都挺好 除了张一山没什么存在感 ,3
真的是用心了 演技在线 超出预期 抱着看着玩的心态 剧情的推进居然看进去了 而且笑中带泪 很多不足 但是已经值得观看,5
这片子鄙人没看就感觉已经定型 结果却发现它有些变奏 还是不错的 可以看 演的也都还挺好 ,3
这年头真的是谁都能做导演,1
宋小宝可以 超出我的预期了 确实不错 笑中带泪 感觉遗憾的是天意长大之后的感情变化处理的不太好 其他的真的挺好的 那些装大尾巴狼打差评的 我只想说 你个损色 ,5
故事完整而已 ,3
天意的转变太快了 日记这么有用还要面谈干嘛 此处偷懒扣一星 华仔和小宝合唱的 天意 挺感动的还很扣题加一星 此片的打动力让同期的 抱抱 显得甚为悬浮 网大已经可与院线电影分庭抗礼 出于个人真实接触 此片并没有放大民工群体的悲与乐 的确有许多草根还存有质朴的价值观 会在现实中作出 不切实际 的选择 体现 人性 这个词汇中褒义的一面 ,4
意外拍的不错 这个电影阵容竟然没走院线 挺奇怪的 不过也能看出来宋小宝的野心 试笔之作吧 大过年的 两个谐星都走了温情路线 相比贾玲 宋的这个作品更显真诚一些 但是应该在仔细雕琢一下 三星吧,3
意料之中的差 ,2
一点五倍速看没感觉快  宝两次大难不死 如果最后一次死了 或许电影就更有价值了  不过彩蛋还挺喜欢的 有过年的氛围 ,3
加一星鼓励真诚接地气但不低俗随着改革开放各种当年热点炒股走私等都有涉及 民工视角新颖 视听语言镜头配乐完成度真的太高以至于怀疑不是宋小宝亲自拍出的处女作是有人捉刀 90年代细节服化道还原的简直像穿越 沙溢马丽发挥平稳 张一山戏份少交代太突兀,5
马丽的角色 让人想起 天才少女 里照顾单亲父女的黑人阿姨 以及很多这样善良睿智温情强大的女性 二哥塑造得很好 ,3
实在太难看了 比温暖的抱抱还垃圾 家庭温情片偶尔穿插非常尴尬的农民进城式喜剧 真就我上我也行 你们谁不服就给我打钱 我来,1
套路剧情 很无聊 ,2
很真诚的小人物故事,4
沙溢粘假发还挺帅 有点底子 ,3
比唐探3好看整整一颗星       ,2
演员演得是真好 但真的剧情是真差 看得出来宋小宝真的是尽力了 认认真真拍了一部用心的电影 但可惜要表达的东西太多了 镜头语言也用得太杂 导演功力明显不够 导致最后看得杂乱无章 其实吧 这个剧本找个差不多的导演来演 应该效果会很好 有点白瞎了这些好演员精湛的演技了 ,3
表达挺清楚的 混娱乐圈还是得看 人脉  ,2
唉 怎么说呢 太长了 勉强及格吧 加上宋小宝的人情分 张一山一出来痞跩的我以为是余罪前传哈哈哈哈哈,3
浪费时间 浪费生命 ,1
 不适合上院线 线上也不错 很认真 渐入佳境 苦中带笑 我喜欢这个故事 沙溢自然非常优秀 希望下一次在电影院看到他 张一山并不违和 和小时候的天意有一股一脉相承的倔气 看得我非常心酸 缺点当然也有 而且十分明显 后面煽情过多 好的电影应该知道收一点 不过看优点吧,4
從劇情到笑點再到煽情都很爛俗 沒有一點新鮮的 但也算是特別工整的網絡電影的水準吧,1
虽不是什么很好的电影 但愿好人有好报 ,3
中規中矩吧     感覺自己看了個寂寞    ,3
就   很老套的故事,3
感觉6分有点少 也算是小宝的处女作 希望他加油 ,5
2 5吧 演员基本发挥正常 宋小宝挺勇敢 自己当导演了 加0 5鼓励一下 ,3
5 0 比想象中好 别看宋小宝是小品演员 你还真不能说这电影有特别小品化 不管它叙事逻辑再糙 比李焕英电影感要强 然后跟李焕英一样 真诚是加分点 宋小宝真的还算有点想法 关注到改革开放后广东打工潮的这么一个事 很多情节设置都很糙 但的确有一些细节还是挺真实有生活感的 并且你能感觉到这里面人物的情感和价值观最起码是他自己真正相信的 没有杂念 缺点都是显而易见的 隔壁李焕英虽说小品化 但确实人家做的更精致 类型化需求也有基本满足 这部128分钟的体量 作为新人导演还是有很多失控 散乱的地方 但比春节档同竞争的另一部头部网大还是好不少的 ,2
很不错啊 比预期好,3
还不错啦 鼓励一下,4
加油,1
到底要表达什么呢宝宝导 ,3
2021 02 19,2
有诚意 但也有些刻意 ,3
很努力了 但是作为导演只能这样了   ,3
既然是喜剧 网络上映的 博大家一笑不就好了 怎么评论都在批判 我觉得整挺好 除了张一山那里有点尬 沙溢给我逗笑了 沙溢承包了我和汪政的所有笑点 ,5
没情节 演员还好吧,4
宝哥特实诚,2
本以为是烂俗东北喜剧 没想到还很走心 可惜故事单薄 人物也很单薄 最可惜的是摄影指导等主创真是杀鸡用了牛刀 ,3
出乎意料 我对宋小宝刮目相看 这个电影真的值得看 值得更高的分数 豆瓣er真的太严苛了 ,4
平平无奇 不上院线是对的 平台付费都嫌浪费,2
真的不是什么人都可以当导演的 故事没什么问题 这个节奏太差了 ,2
宋导演懂喜剧也懂自己 就是不怎么懂电影 ,3
大年初一看了两部烂片 真棒,2
真没想到这几个演员的这个电影竟然丝毫没有笑点 想在温馨上下功夫 结果玩都是公式套路 所有点全部流水账走一遍 每一个都让人尴尬不已 看完电影全靠意志 果然不能瞎选电影 ,2
一个完整的故事 可能我对宋小宝的小品get不到笑点 电影比预期还行 ,3
一群喜剧人一起拍一部戏的时候很容易让人出戏,3
宋小宝的电影确实强过某郭和他师兄们 一个俗套的故事但是讲的绘声绘色 有感动也有笑点当然也有槽点 ,4
出乎意料地还可以诶 就是我不太相信那么漂亮的小男孩 后来能长成张一山 ,3
喜剧吗 而且这剧情也太套路了吧  ,2
导演处女作可以的啊 加一星鼓励,4
处于某电影的PTSD我不得不报复性的打出三星 这不比博人传燃 ,3
细腻细腻再细腻 没有特点 但是演戏真是在线 ,5
烂片的预期 没想到还行 至少在我这儿及格了 而且写的是在深圳发生的故事 熟悉度 好感度皆爆棚 也能看出来是做过功课的 最后的蔡屋围拆迁哈哈哈哈哈 ,3
宋小宝一如既往苦情男人 张一山一如既往浪子回头 沙溢一如既往嬉皮笑脸小男人 马丽倒是能跳出夸张表演 这次演得清新飘逸 就像不断试戴的那条丝巾,3
中国的劣根审丑,1
张一山这是怎么了 自从 鹿鼎记 之后演技总是给人用力过猛的感觉 ,3
宋小宝叫发财  他写的日记叫发财日记 ,2
这部电影就是真诚地拍烂片的典型案例 故事前半部分还可以 后面就开始飘了 故事无脑 节奏混乱还有灾难剪辑 宋小宝演戏也并没有太脱离小品舞台的样子 这一堆演员可惜了,2
老套 但是真诚 ,3
开始还算有些笑点 到后面就走偏了 剧情老套 平淡没有起伏 像流水账 最不喜欢的点是 卖惨卖得不高级 太刻意 让我本能产生了抵触情绪 电影说了一大堆 不知道想表达什么 亲情 兄弟情 爱情 什么都有点 什么都没表达好 ,2
这部戏看完 都害怕养小孩了 父母一定要和孩子说清楚自己在外面干什么了 自己有多辛苦 宋小宝真是不自信 不敢上院线 ,4
小宝演绎这种小人物驾轻就熟 甚至有一丝感动 ,3
    这愿意出演的各个都是真朋友 其实一直到捡到婴儿节奏都还行 后面全线崩坏 竟然还有人说这是很完整的电影 还什么电影语言都出来了 后半段完全就是宋小宝想起一出是一出好吧 到最后连转场都省了 直接啪就进下一趴了 唯一给两星的理由是没上院线圈钱 至少还给自己留下最后一点脸面 难能可贵的是这群演员竟然还演的有模有样的 信念感够强 ,2
6 0,3
越以为自己应该好笑的片 拍得就越掉价,2
小人物的大城市打拼史 有喜有悲  网剧一样很不错,3
对于宋小宝导演的处女座给与两星的鼓励 可以看出诚意满满 但是确实是能力欠佳 全篇结构松散 如果不是一众戏骨的全力友情奉献 此片必定扑街 ,2
没亮点没缺点 题材虽老但中规中矩 ,3
配乐选的挺好的,3
 发财日记 4星级推荐   发财日记 可以在视频平台上付费观看了 由宋小宝导演和主演 对 就是那个 海燕呐 你可省点心吧 的宋小宝  看到这样的主创团队 我原本对影片质量是不抱任何期待的 然而 看完两个多小时的电影 竟然有一种莫名的感动 这是一部普通人的 深圳史诗   深圳建市40多年 多少豪杰在这里逐浪拼杀 成为英雄 又有多少进城务工者默默无闻 透支人生 普通人的深圳奋斗史也是深圳史的一部分 只不过进入不了官方叙事  影片对于个体命运 城市化 有一股浓浓的农民主义美好想象 始终坚持善的主旨导向 这又跟宋小宝身后的赵家班文化一脉相承 如果献礼特区40周年 我觉得这部影片也应该入选 ,4
什么是好演员 宋小宝 马丽 沙溢这样的就是好演员 ,4
那么多明星 合家欢春节喜剧作品啊   问题是 拍的跟玩一样 全过程都是套路 模板 老剧情 老煽情 老套路 老手段 ,2
没去电影院圈钱真是可惜里 这也看得出来 小宝拍得很有诚意 刚开始插科打诨 东北小品演员们轮番上阵 到后来 和二哥的兄弟情得以升华体现 终究野心不够大 太老实 应该努努力上院线啊 ,4
宋小宝的导演处女作 诚意满满 但故事比较套路 角色也没有啥突破 还是那种倒霉事儿总让他赶上的苦大仇深 电影故事讲述上有些段落衔接有问题 好在主要的演员表演还可以 ,3
完整的讲完了故事,5
多给一星鼓励一下 ,3
宋小宝首秀开了个好头啊 非常真实 一部不错的好作品 ,4
属于水平中上的网大 从今年开始终于有像样的演员开始尝试网大这条路子了 而不再是下水道作业一样的特效片或者青春校园电影了 我觉得这至少是院线以外必然会开创的一条路子 关键是谁先走罢了 徐峥算是被迫 那么今年一部发财一部少林寺都是一场尝试 故事很温情 前30分钟的笑料也够 唯一的问题是中后段流于俗套 没有更多的惊喜 结尾也没什么特别 ,3
昨晚看完台湾电影 今天看的这大陆电影 拍得热闹用情 东北人到深圳发展的故事 也是这一路改革开放的投机取巧 踏实稳重 筚路蓝缕的发展历程 好人宋小宝的人生 也是很好的价值观 这电影不上院线可惜了 应该支持一张电影票的 ,4
小人物的幸福 宋小寶切身的懂 全片故事跨度廿年載 男主小寶出身東北農村 善良真誠 踏實勤懇 跟隨同村發小 二哥 從東北奔赴改革開放前沿嘅深圳打工搵錢 初來乍到 錢仲未搵到 就意外 搵到 個嬰兒  正在兩人頭痕之際 好彩遇上深圳土著老大爺嘅收留同面冷心熱鄰居嘅幫手 同一屋簷下嘅幾丁友 組成咗個毫無血緣特殊嘅 五口之家  一個典型嘅草根式外出打拼嘅動人故事 劇情上雖說不上優秀或新穎 bug亦多 但勝在宋小寶拍出了 真誠 二字 用最簡單直接嘅情感打動觀眾 ,3
戏点 笑点都太密集 刻意的成分很多 表演毫不内敛 流于表面 却走不了心 一部电影为了避免冷场和尴尬 用背景音乐去 弥补  本来就是下策 真心烦只会用配乐来带节奏的电影 ,2
还行 作为对比比小沈阳的好太多 比郭氏父子的也好太多  ,3
这不是电影 是东北小品的影像版,1
一般般吧,3
一星半 烂俗狗血煽情老套齐活儿 些许诚意也不能否认它是部烂片 继开心麻花的话剧式电影 宋小宝又献上了小品式电影 但宋小宝有自知之明没上院线 比王宝强强点 ,2
能感受到宋小宝的认真和诚恳 也能体会影片试图传达真实和现实的愿望 但电影终究是虚构的现实 即使是纪录片 选择性呈现和剪辑也是创作 因此 适度的陌生化是必要的 要么在内容上 要么在形式上 总要与作品里的世界有距离才能更好地呈现那个世界 演员演得不错 尤其是沙溢 ,3
被友邻骗来看了这部 编剧和导演的质量是极差的自不必说 毕竟是很业余 至于表演 张一山和沙溢分别发飙的两个桥段还是蛮有张力的 其他的部分则完全没有表演空间 宋小宝的演技只停留在小品的水平上 所以跳戏严重 片子只是个放大版的小品 大过年的 给6分 就像一众配角一样 都是互相给面子 ,3
该讲的部分戛然而止 而花了两小时就讲了 生活不易 父爱伟大 父爱无私,2
给低分对不起小宝这些年小品带给我们的欢乐 那就给高分呗 可惜也没上映不用推广啊 那就给个鼓励分 好好拍小品 别瞎撺掇搞电影,3
2021年2月15日,2
这也能配叫电影 不算在观影记录里面了 ,1
两星半 你可以看出诚意来 也能看出虚心和一些正确的认知 可还是救不了叙事的老套和有些剪辑点的混乱 ,3
宋小宝沙溢演得还不错 鼓励一下,3
没想到宋小宝也能自编自导自演 我一开始觉得拍电影的门槛也太低了吧 没想到宋的电影竟然没有低俗恶心的二人转笑料 虽然催泪催的有些刻意 有些情节不连贯不通畅 总体来说对于导演处女作尚可 没想到看宋小宝比王宝强的舒适度高很多 值得鼓励,3
笑点全在沙溢身上了,3
开片觉得肯定又是部一星的闹剧了 看着看着涨到三星 有温情有走心 生活中确实有这样类似的事情发生着 刘星咆哮式的演技还是满有爆发力的 ,3
张一山真的太菜了    ,2
挺适合贺岁档的喜剧 ,3
剧情线路太散 各角色人物关系不突出 人物与人物之间很陌生 剧情的突发事件也像是硬加的 看起来特别不贴合 导致看完基本就会忘 ,2
挺好 凭主角宋小宝的价值观与善良就可以得高分 ,4
三星半 真的挺不错 ,3
越看越生气的片子 这算一部 ,2
没有沙溢这电影就直接垮掉了,3
四不像 感动不感动 喜剧不喜剧 温情不温情 重点是请了一大帮子谐星居然还没拍成喜剧片 别扭 ,2
还不错 剧情比较平 缺乏冲突 张一山演的非常垃圾 但是宋小宝和沙溢演的很不错 宋小宝还是有才能的 选择上网络大电影 没上院线也让我觉得很有好感 可能是没有信心 缺乏宣传能力吧 但是确实很真诚了 能看出这种真诚 故事3星 1星鼓励 ,4
宋小宝导演的第一个电影 我感觉还不错吧 没有什么的太多强行煽情的剧情 说是发财日记 其实就是奋斗日记而已 感觉沙溢演的很棒啊 哈哈哈 没有八个人二哥不会出手 而且他们两个沉沉浮浮一直也没有说分道扬镳还是挺好的 尤其是二哥 浮浮沉沉这么多年 最后也没有颓废放弃 哈哈 宋小宝一步一步没有发大财 也不会教育小孩 小孩走偏了路 也比较符合逻辑 玛丽和他演对手戏 感觉亏了啊 毕竟马丽颜值不低啊 哈哈哈 主要宋小宝条件太差了 哈哈哈 总是感觉很怪啊 下次别整女主角跟他配戏了 哈哈哈 最后的结局也是比较常规 还不错 没有突然暴富 也没有失忆 也没有去世 就这样 误会了解除 很好的 平平淡淡的美好 ,4
快进看完 毫无笑点也无泪点   最逗的就是我想问问那么好看的小男孩儿怎么就长成了张一山    简直了 ,2
本来要给五星的 后面那段男主进火场救火爆炸了都没死太玄幻了 还有小孩儿跳过了初高中 一下子变成了一个高大的古惑仔 有些剧情很棒 有些剧情还是太魔幻了 例如和爷爷有关的剧情都很温暖 例如父亲去见儿子总要换一套衣服等 ,3
放低预期 竟然能看到一些真情感 比隔壁傻逼唐探好多了 起码自知之明就碾压了 ,3
中规中矩,3
感动到我了 想起了宋小宝的 樱桃  沙溢演技太棒了 小宝拍的很诚恳 马丽喜剧女可以再战个十年不成问题 ,4
二哥是亮点哈哈哈哈 沙溢早这么干就对了,4
毛病一大堆 但是可以看到诚意 主要二哥是真帅 沙溢是真他妈帅啊我ccccc ,3
大烂片 故事松散 矛盾弱 看着能睡着 猴小宝吼黑小宝 不喜剧 小人物也假 小人物就是二流子 杀马特 还是只是宣传父爱呢 那也太空洞了 几个角色感情都假 还是好好弄小品吧 别霍霍电影了 出来一堆明星客串 也不代表就是电影 ,1
看见马丽艾伦就会想起腾妹儿 ,3
一部电影再差 只要有一个点能感动到我 我就能给6分 这电影感动我的地方还挺多的  给二大爷洗脚 努力支撑起这个家 为了孩子在学校门口换西装  你给我滚 将误会推入深渊 和二哥的重逢 二哥在深州的沉浮   ,5
故事俗套了点 节奏拖沓了点 煽情过分了点 ,3
意料之外的作品 本以为宋小宝导演的片子也就是个东北风格的喜剧吧 没想到感人的成分多些 除了天意每个主要人物的刻画都还不错 作为导演处女座也算是拿出了诚意吧 ,4
非常好看的喜剧电影 最关键的是宋大哥是真实的搞笑和并拥有真实的演技 近几年看过最好的贺岁电影了 沙溢小宝这cp演技炸裂 ,5
超过预期 故事流畅,3
院校未满 上网大却绰绰有余了 没想到宋小宝也能讲这么完整的一个故事 沙溪真是全片灵魂 ,3
Little 尴尬,3
诚意满满 作为导演处女作是有品得 亲情友情爱情一锅出 每条线的表现都挺香得 只是这电影名叫 天意 是不是好一点呢 ,4
被 深圳打拼 四字吸引了去观看这部电影 如果你预期很低 看完全片或许会有一点点惊喜 虽然有些小瑕疵 但是胜在真诚 不刻意 宋小宝的演技比演樱桃时候进步太多 角色演的都不错 沙溢马丽演的都很好 张一山的口音如果能摒除京片子味就更好了 演爷爷的那个倔老头也是毫无表演痕迹 ,3
应该卖三块钱,2
这也能叫电影 剪辑一塌糊涂 最终不明所以 ,1
沙溢戏真好 他应该加入马大帅宇宙,3
张一山的演技被童年的自己甩了八百条街,2
一般一般合家欢 过年走亲戚在亲戚家看的,3
故事虽然看起来完整了 有些地方很尴尬 有些潦草 包括马丽感情线 沙溢故事线 张一山成年故事线 十分潦草以至于影响观影体验 另外那个迪厅唱歌的桥段 麻烦仔细思考思考 和人设符合不符合 即便如此 宋小宝也拉了小沈阳100个身位 ,1
快进 ,2
三星绝对不少了 里面巴格一大堆 张一山演的狗屁不是 玛丽怀孕20年 玩命护着铁盒子里面是啥也不说 沙溢一会穷一会富还是屌丝一个 ,3
其实我们觉得吧最少给一颗星因为剧情很坑人                       ,1
确实不行 整部电影从上到下乱七八糟 能有多混乱呢 单就片名来说 我都怀疑我是不是看错电影了 ,2
好好讲个在深圳发财的故事不好吗 非要讲个孩子的成长故事 张一山怎么长成尖嘴猴腮的模样的 ,2
如果放在2018年上映 改革开放40年 还是很应景的 ,3
小宝呀 你连电影都没看过,1
还可以吧 虽然也是尬的 但起码不至于像同期的得宝传奇那么莫名其妙,3
现在的喜剧都怎么啦 不能好好的弄的有趣一点吗 非得喜剧之外再弄些煽情的桥段 而且煽情还煽的那么明显,2
两星半 中规中矩 剧情差不多都能猜得到 ,3
其实已经超越了大部分网大了 宋小宝虽然还是有点出戏 也称得上是诚意满满 但是儿子本来是个重要的线 现在却成了鸡肋了,3
故事讲的还行 就是有点不能上大雅之堂 ,3
当喜剧演员开始煽情 演尽世间温情 大过年的 宋小宝的父爱 贾玲的母爱 哭的我稀里哗啦的,5
沙溢是灵魂,3
整好了上院线 票房二十起 这年月什么都可能比不过观众缘 ,3
第一次知道了有工地水鬼捞钻头的行当,3
看之前会以为是烂片 实际上中规中矩 还偶有亮点 虽然剧情比较老套 但过年时挺适合放给老人看 宋小宝和沙溢一黑一白一矮一高意外地搭 演技也很不错 期待他们在大银幕上的后续发展吧 ,3
前面还挺好的 到后面有点赶,3
2 5吧 很可以了 起码不是骗钱的 而且今年春晚没见着的喜剧演员在这电影里都看见了  有了过年的感觉  很满足 ,2
片子本身稀碎 不过能感觉到宋小宝还是努力想表达些东西 给个鼓励分吧,3
挺好的,4
没看懂在讲什么 父爱   沙溢还是很好笑的,2
本着喜剧看的这部电影 然而笑点也并不是太多 但这部电影却给了我很大的感动 伟大的父爱 真挚的兄弟情等 很具温情的一部电影 虽然没有达到我的预期 但也没让我失望,4
比王宝强那网大好 小人物老实人好心人的坚持 不过还是有钱刺激,3
还是小品的味道,3
nice,3
6 5分  沙溢永远是那么搞笑 稳  宋小宝让人很惊喜   马丽真是胖了 希望她幸福 张一山   大败笔      剧情很一般 但是小宝用心了 能感受到  和李焕英只差了一个 反转的结局   ,4
小人物深圳打工记 ,3
不可,2
1 5流的演技 150流的剧本,2
情感真挚 技术手法幼稚 没想到今年春节档除了 唐探3   人潮汹涌 之外这里也有刘德华 ,3
还不错 演员配置都不错 切入点也很接地气 和本山传媒以往的作品相比 相对又提升了一级 ,4
最好笑的部分都在抖音里了 ,3
没想到宝哥拍的还挺好玩 ,4
算了 本分人没有错 ,3
20210217滦州,2
全面失控 十分混乱 深漂黑子养孩记 ,1
没看过这么难看的,1
有一些笑点 故事内容老套 但是还算是个很普通的片 比烂片强点,3
不是马丽 沙溢真是看不下去啊   6块还行吧,2
小天意的两个小演员都长得太漂亮了 我总会在想 长大了长成张一山可惜了,3
看电影就图个乐呵 那这部电影做到了 最近看够了高分电影乐呵乐呵也挺好 真的挺逗的 虽然故事是真的很老套 但要真说老套的话 很多高分电影说起来也老套的 二哥小宝都很搞笑 说东北话那样儿逗死了 搞笑中带着正能量 小宝真 实在人儿 看到弃婴会去捡 看到老头倒地会去扶 看到二哥送小宝去医院那段儿都以为他要死了 这种剧一贯的走向 对 还有之前进火场救马丽取箱子那段 没想到居然是大团圆结局 不容易啊不容易 给高点分吧 谐星们不容易 这宋小宝居然还用的本名出演 二哥和小宝真 患难兄弟 平时欢喜冤家 到真章的时候真不含糊 在他们各自最难受的时候那两只互相握住的手 给人满满的安全感 谁不愿意有这样一个朋友呢,5
这部片子目前6 2的分数只少不多 作为宋小宝的处女座 我认为能拍成这样 已经非常不错了 但是剧情上硬伤的地方也不少 瑕不掩瑜 客观的打分我认为3 5星不为过 打1颗星的人 应该是为了黑而黑吧 那我给小宝4颗星 支持一下 ,4
初五迎财神 顺便看了这部电影 看完这部电影 抛弃了对宋小宝小品演员的成见 觉得这部电影超出预期 反而题目我觉得叫发财日记不合适 我觉得叫 南方打工记 或者 一切都是天意  后来细想 电影里还讲了深圳改革开放的事 深圳这座城市代表中国越来越富强 这样想来  发财日记 这名字又红又专 以后还可以评选个中国改革开放50周年优秀影片50佳的奖啥的 如果这部上影院 那2021年春节母爱看 李焕英  父爱看 发财日记  这部电影沙溢 老爷子的演技都超棒 盖过了宋导 期待宋导第二部电影 别演了 安心做导演  希望能做出一部纯喜剧电影,3
三星半好剧本 比少林寺那部好看多了 除了结尾有点烂,4
还不错,3
还不错 沙溢演的好,3
没想到不是院线电影也有人吹 已经看了 难看,1
意外的好看 角色太适合宋小宝了 片子拍的和大红包还有兴风作浪持平 ,3
赵家班很擅长的小人物的悲欢离合 ,4
陪爹妈 凑合看 ,2
拍得挺用心的,5
竟然还有一丢丢感动 ,2
其实整个故事的结构完整性都挺好的 如果再发展发展 都可以拍成一部电视剧 我妈就比较吃这类剧本 宋小宝第一次执导来说 完成度还算尚可 也挺适合这类形象的 只要不咋咋呼呼 沙溢贡献了成吨的演技 马丽还是一绝呀 话说华仔这个春节档挺忙的呀 为其他电影客串 录歌 就是自己的电影排期有点惨 ,3
一个东北口音在深圳混的爸爸 是怎么养育出一嘴京腔的儿子的 立意挺动情 细节和破绽无法下咽,2
5 8 10 有真情流露 但比隔壁李焕英就差意思了 长板不是足够长的话 短板就显露出来了 ,2
除了拖沓了点 用力过头了一点 还行 起码故事说完了,2
很难得 么有上院线 期待很低的一部片子 看完很惊喜 看到一半的时候就发现这部电影不是原本以为的那种充斥着烂大街的梗的喜剧 是描绘了小人物的成长史和奋斗史的催泪弹 大雨中点不着的烟 哭死我了 两个小男孩很可爱 张一山的形象也太契合叛逆儿子了 后悔给了温柔的抱抱三星 相比之下 这部片子诚意更足 ,4
哈哈 一直在找破绽了 九十年代的深圳   还是很多的  有点笑料 有点感人 还可以,3
节奏非常烂 很多地方逻辑不通 两星致敬底层打工人 加油 ,2
原来是一个深漂故事 ,3
二哥太逗了,3
小宝想好好拍 但水平真不行,3
不是惨点苦点就叫感人了 也不好笑 没灵魂,2
很扎实 有生活 打工人打工魂 每个人物都活了 二哥最出彩 一个打八个 开走私彩电船一直吐 卖生发液发达又被打假 ,4
及格了  我抱着一颗找工作的心 可是我的气质值千金  世界是属于勇敢者的  五虎云龙月光电缆脚,3
通篇正反打 毫无镜头语言 剧情尚可 但也全在预料之中 作为第一部电影作品显然是很欠火候的 ,2
电影普通是真的 故事老套是真的 宋小宝一个人与各位演员格格不入也是真的 别的演员在拍电影 宋小宝一个人在演小品 感觉分分钟下一句就是 瞅你那个损色 好在是网络大电影 没有上院线    客串的几位倒是很有意思 比如酒鬼艾伦 比如留洋博士肖央 比如姐姐媳妇黄小蕾  当然也有无聊的几位 比如王祖蓝 浮夸且用力过猛 并不好笑 比如民间艺术团的几位 也都没有亮点 且依旧是小品的表演方式  ,2
其实 整体还可以 而且沙溢确实演的挺好,3
这片其实多少能道出一些宋小宝何以能走到今天的原因 ,3
老百姓活着挣点钱真难啊  ,5
奔着爆笑来的 结果看完了反而觉得挺温暖挺感动,4
相当不咋地,2
不比贾玲那部差多少 ,3
平庸 普通 真诚 没有特别滥俗的部分,3
看到一些评论就能想象他们在写影评时的嘴脸 总结以下几类人  1 什么人都能拍 说这话的你也是人吧 你来拍一部看看  2 开头就知道结局什么样 没意思 那你还坚持看完 收了钱吗  3 太尬了 不搞笑 只要你不尴尬 那搞笑的就是你  ,2
我妈觉着比唐探三好点儿 ,1
剧情不能理解的地方太多了 但是沙溢还挺好笑,3
鼓励一下吧 其实都一般 但是小宝尽力了看的出来,3
挺不错的,4
强行煽情,3
还不错 ,3
还是沙溢兜底兜的好 自从韦小宝张一山后看啥都违和 上院线也是能有几亿的吧 ,3
宋小宝是个有生活的人 他的剧本虽然土但是接地气 内容处理也基本及格 如果能放在春节档的院线应该也有一席之地 ,3
为讲好故事的电影人点赞  二哥想你了 直戳泪点啊  在生活的磨砺中灰心丧气的小伙伴们 别怕 人间值得 ,5
"宝儿的人缘是真不错 拉来那么多喜剧好朋友 搞笑部分还是可以的 自然不做作 很生活化 看着乐呵 就是后头转温情有点 不搞笑的宝哭起来很真挚   还是逃不脱套路老沙的油腻劲儿笑死 马丽没有太大发挥空间 艾伦儿难得渣一回 还是喜欢魏翔 哈哈哈哈哈哈张一山没有夸张大表情的时候还是挺好的 火车上的东北熟脸们看一眼就欢乐",3
还是有点好笑的 宋小宝真的形象太寒掺哈哈哈,3
挺不错的 不是哗众取宠的电影 ,3
宋小宝很适合演小人物 角色的老实巴交 热心肠对他来说简直是量身打造 但是这种得心应手又让人感觉过于保守了 就好像大家都知道你的绝活是什么 你一遍一遍地演给观众看 毫无惊喜 时间长了 就没意思了,3
毫无逻辑  瞎编,1
看预告片的时候被赵岩怒斥宋小宝的二十几秒吸引到 但是正片里没有看到 有点儿遗憾 那段儿多精彩啊 ,4
可能是宋小宝演的缘故 我原本还以为是什么无脑喜剧 没想到会是现实题材 风格还有几分严肃  虽然一些细节点还是比较狗血的 比如单亲的孩子在学校里遭受歧视 被同学们肆无忌惮的嘲讽 这就显得夸张过头 狗血过度了 不过也恰恰是这个情节 为后面孩子长大成人后的叛逆铺设伏笔  影片笑点不多 而且也并不好笑 倒是那些严肃的地方令人回味 ,3
不错的故事片 鼓励一颗星,4
光电影来说节奏不好 转折生硬 不推荐 但一部小人物的生活经历 真实 现在不多见了 对里面的布景特别喜欢 有点老骑楼那种 还有小院儿 ,4
春节网大我也安排上吧 谁让我有爱奇艺会员呢  我承认我看了 一星给沙子爹和马丽  但剧情太平了 两个小时还不如泰囧 果然徐峥老师还是厉害 ,1
不是谁都可以转行当导演的 ,2
意外还蛮好看的呀 除了那些尴尬的笑点和强行制造的矛盾冲突外 拍的真的十分真诚 所有主要人物都塑造的有血有肉 这在春节档的片子里实在是太难得 太令我惊讶了 作者技法什么的可以说是根本没有 但就是胜在剧本太真诚 结尾竟然还让我有一丝感动 ,3
巨恶 ,1
很触动 感受到了自己这个年纪和出身没法感受到的东西 演员很走心 小宝给你点赞 电影体现了无巧不成书 然后形式是老形式 主要是用心 非科班导演的电影超出预期 分值得再高一点 朴实的好人现实中不知道有没有这么幸运的结局了,5
张一山那条线好模糊,2
起码故事完整 不是烂片,3
本以为又是和山炮进城一类的无脑网大 但是看完后觉得上大银幕不输贺岁档的一些影片 虽然宋小宝的演技有点偏硬 表达的不是很自然 沙溢就不一样了 很放松很自然 宋小宝的一些招牌动作已经深入人心 嘴角一咧容易让观众跳戏 但笑点和泪点并没有刻意去营造 看来今年小品演员做导演是赶上了潮流啊,4
两星半吧 ,3
宋小宝挺努力的 电影也很真诚 能力是另一方面,4
略有点尬,3
虽然没有重点 但还算老实讲了个故事 ,3
太长了 缩半小时可能就紧凑了 鼓励分,5
看完就是觉的实在 不过叙事属于很平的时间叙事但是莫名觉得有点乱 不过乱来乱去 最终还是汇到一个温馨的结局还是很不错的 才发现看了两部剧温暖的抱抱和这个都是喜剧人当导演了 不过给我的感觉都是剧本不够细腻 最新的贾玲得你好李焕英口碑不错 其实喜剧人是有能力上大荧幕的 还是得耐心琢磨剧本 ,3
挺感慨的  我是没有这么伟大的  结尾总觉得缺点啥 ,3
隔行如隔山 跨界导演这行当真的不是谁都能干的 片子运镜和故事线都比较混乱 但好在很真诚 优秀的演员混搭效果还是很不错的 二哥这个角色有很强的彪哥味道 时长有点太拖沓 不上院线在网大中也算鸡头地位 剧本虽然老套但很出色 比小沈阳的一无是处优秀的多,3
宋小宝导演处女作 没想到整体效果还可以 剧情方面虽然还需打磨 但是故事叙述流畅自然 有笑点也有泪点 也没有刻意的煽情 再加上马丽 沙溢等演技派的精彩表现 算是比较不错了 当然也有不足之处 首先就是剧情和题目的匹配上有些离题 主要讲的还是父子之情 其次 结尾稍显仓促 个人认为再把剧情好好打磨一下上院线也是可以的 直接上网络还是有点可惜了 ,3
我坚持着把它看完就是为了能理直气壮的打一颗星 烂到无可救药 尤其是一个深圳孩子操着正宗胡同北京话骂人的时候 我真的想说上天为什么不给我个痛快要派张一山来惩罚我 ,1
不好意思我没忍完 现在是喜剧演员不拍电影就会死 ,1
第一次能 这样的水平 就挺好的了 青涩却也真挚 宋小宝 沙溢演的挺好 要是宋小宝颜值再高那么一丢丢就好了 看到到他有点点跳戏 我有罪  张一山感觉是回不去了 彻底将之前余罪里面给我留下的形象给摧毁了 整个表演依旧有点瞪眼咧嘴的夸张式表演的样子 ,3
节奏太差太差太差了,2
煽情音乐放烂了 不合时宜随地放 几个孤独的人凑一块互相取 互相信任 真情流露  感情深到胜似一家人,2
导演水平有限 一般般吧 ,2
摄影,3
东北帮真的拍不出好片子 只能糟蹋电影这个行业 首先又是傻缺废柴青年非要硬着头皮收养弃婴 然后又是兄弟之间南下发财拼搏史 他们也不腻啊 拍个电影都当小品演了 不过看在制作上还是给个3星吧 沙溢依旧好样的 ,3
六块钱听了两个小时小人物的故事 值得 那是我们看不到的辛酸痛苦和挣扎 但不管怎么样 风雨过后还是有彩虹的 扣一星主要是张一山的戏份有点无语 除了跑步 打架 吵架 坐火车 好像实在没演啥 而且你说打小抱来的孩子 哪儿学的一口京腔 逻辑有点经不起推敲 ,4
及格了 就是煽情戏份稍微有点多 节奏有点慢精炼一点更好 2个多小时有点长了 作为小品二人转演员 确实算尽心和诚恳了,3
咋说呢 将就看吧 有一说一老白是真的会演戏 演得好的 好好挑本子吧 别再浪费自己了,3
三星鼓励,3
网大里的保时捷 ,5
虽然不知道事实怎样 但真的愿意相信宋小宝就是一个这么善良 有担当的男人 ,5
沙溢  能不能瘦回去啊  瘦回曾经帅帅的驸马爷,3
无意间先看过了预告片 看完正片后发觉只看预告片就够了 ,2
要不是过年 谁花钱看这个  ,1
电影来说值一星 故事来说值三星 其实有点儿本末倒置 但管他呢 沙溢演的真是好,3
5 0 10 不算喜剧 算是讲的小人物奋斗史 虽然看得出来一些诚意 但真的拍得太平庸了 ,3
居然很好看,4
现在中国门槛最低的行业就是导演吧 ,2
演技笑点都还不错 值得6块钱,3
慢慢成长吧 这个真的太一般了 慢慢打磨 尽量沉下来 想想张浩 刚开始凭借小电影二龙湖浩哥火了 接连拍了好几部同题材的 但是都没有成功 这几年沉浸下来 去年那部忘了叫什么了 算是悬疑类的 虽然剧情较俗套 可是能看出用心了 宋小宝的资源严格来说比张浩好很多 希望能够更努力些吧,3
有当下国产喜剧的大腕们加成 之前电影质感还是有的 小人物的悲欢离合挺接地气 ,3
给业余导演3颗星,3
可以上大荧幕呀,4
三星半 没有很拉垮的地方 比起一些上院线的喜剧也不差吧 虽然老套但是故事讲得挺完整 农民工视角的搞笑和温情 老和小与主角都没有血缘关系 这种题材其实并不多,3
  ,1
看这种类型的电影不能太较真 乐呵乐呵得了 全体演员演技在线 有笑点泪点 故事还可以就足够了 比不上好电影 对比其它同类型网络电影还是可以的 多半 鼓励一下宋小宝 挺励志的,4
鼓励一下 为了沙溢和玛丽加一星,3
能看进去 但是一般,3
我觉得还好吧 非常本山的故事 处处可见马大帅的影子,3
确实 是个网大 电视剧感 拼凑,2
挺拼的 但为什么总是跑 或者扮女人 深圳的变化看不出来啊 二哥莫名其妙出现后离开 有点包袱 没啥干货,2
火车上那一段 加分,3
沙溢的气质演这种角色真的太贴切了 张一山越来越像猴子 ,3
通过日记回忆的形式讲述一个人的一生 剧情真的是平平无奇 老实巴交的好人 好无趣啊 也不够搞笑,3
有些人外形不适合当演员 比如宋小宝和张一山 看着蛮烦躁,1
仨东北人在广东培养出来一个京片子 逻辑上没毛病,2
就算是喜剧也不能不讲逻辑 多一星是鼓励,3
一部闹闹腾腾的闹剧,3
怎么说呢 确实没啥新意 也确实不适合上院线 但比王宝强同期的网大真诚太多 无论沈腾还是马丽 都是那个能让喜剧片看起来没那么难受的人 实在难得 ,3
